strategy,display_name,cost_bps_one_way,period,Start,End,Total Return,CAGR,Max Drawdown,Ulcer Index,Volatility,Sharpe,Beta vs QQQ,Alpha Ann vs QQQ,Information Ratio vs QQQ,Up Capture vs QQQ,Down Capture vs QQQ,Turnover/Year,Average TQQQ Weight,Average Idle Asset Weight,Average Cash Weight,Average Scale While Invested,2022 Return,2023+ CAGR,family,scaling,scaling_description,idle_asset
hybrid_tqqq_scaling::baseline::boxx,hybrid_tqqq_scaling::baseline::boxx,0.0,Full Sample,2018-01-02,2026-04-02,4.241858067670606,0.2224985051649182,-0.4537670219512815,12.288032457130226,0.2807942527371727,0.8590040616972735,0.7815959197660712,0.08971926219916983,0.21925360268043212,1.1634559345968802,1.047723498691548,1.2726290657246742,0.3949161432235001,0.5550838567764999,0.05000000000000001,1.0,-0.16094747221032568,0.24023598893760867,hybrid_growth_tqqq_position_scaling,baseline,No extra scaling; use the existing MA200 + ATR staged TQQQ sizing as-is.,BOXX
hybrid_tqqq_scaling::baseline::boxx,hybrid_tqqq_scaling::baseline::boxx,0.0,2018-2021,2018-01-02,2021-12-31,2.106955538863576,0.3281663811135862,-0.4537670219512815,12.322844754206143,0.3343531899660587,1.017632048071479,0.9671304177302957,0.08208575204911082,0.3093995629277704,1.3397065991933268,1.3952464645193492,1.4919739331536854,0.43513857926198757,0.5148614207380124,0.05,1.0,,,hybrid_growth_tqqq_position_scaling,baseline,No extra scaling; use the existing MA200 + ATR staged TQQQ sizing as-is.,BOXX
hybrid_tqqq_scaling::baseline::boxx,hybrid_tqqq_scaling::baseline::boxx,0.0,2022,2022-01-03,2022-12-30,-0.16094747221032568,-0.16267910116631934,-0.17358241218326942,17.00106528483551,0.08557725863357606,-2.0143922726332266,0.05081646006326282,-0.1549083328044079,0.5430125590639115,0.0,0.259441968935757,0.5123799195847096,0.027606347089391997,0.9223936529106079,0.05,1.0,-0.16094747221032568,,hybrid_growth_tqqq_position_scaling,baseline,No extra scaling; use the existing MA200 + ATR staged TQQQ sizing as-is.,BOXX
hybrid_tqqq_scaling::baseline::boxx,hybrid_tqqq_scaling::baseline::boxx,0.0,2023+,2023-01-03,2026-04-02,1.010763850664984,0.24023598893760867,-0.20112248792367227,7.484087863525461,0.24467609425863857,1.005733188202808,1.0229339906950543,-0.029079931827804363,-0.16771047530748084,1.1805459502569293,1.8103203484360122,1.2416874485412759,0.4582910429816177,0.4917089570183824,0.05,1.0,,0.24023598893760867,hybrid_growth_tqqq_position_scaling,baseline,No extra scaling; use the existing MA200 + ATR staged TQQQ sizing as-is.,BOXX
hybrid_tqqq_scaling::baseline::boxx,hybrid_tqqq_scaling::baseline::boxx,5.0,Full Sample,2018-01-02,2026-04-02,4.214182011317579,0.22171397042406604,-0.4545080790167939,12.311460441662414,0.28081372396680215,0.856674059479482,0.781621961336206,0.0890766442470098,0.21628536629895082,1.1625391998837997,1.0491332582743544,1.2726290657246742,0.3949161432235001,0.5550838567764999,0.05000000000000001,1.0,-0.16116196775788294,0.23946594420737966,hybrid_growth_tqqq_position_scaling,baseline,No extra scaling; use the existing MA200 + ATR staged TQQQ sizing as-is.,BOXX
hybrid_tqqq_scaling::baseline::boxx,hybrid_tqqq_scaling::baseline::boxx,5.0,2018-2021,2018-01-02,2021-12-31,2.0975769774384423,0.3271615789222708,-0.4545080790167939,12.347922859438453,0.33438422953361,1.0153097118002479,0.9671748571215087,0.08132892377090997,0.306213393337487,1.3385327199154111,1.396825501788881,1.4919739331536854,0.43513857926198757,0.5148614207380124,0.05,1.0,,,hybrid_growth_tqqq_position_scaling,baseline,No extra scaling; use the existing MA200 + ATR staged TQQQ sizing as-is.,BOXX
hybrid_tqqq_scaling::baseline::boxx,hybrid_tqqq_scaling::baseline::boxx,5.0,2022,2022-01-03,2022-12-30,-0.16116196775788294,-0.16289567372704838,-0.17379367773237242,17.021365430830517,0.08560371058308373,-2.01673952095231,0.050832447216506794,-0.1551570519443235,0.5422045378777843,0.0,0.25978772956945045,0.5123799195847096,0.027606347089391997,0.9223936529106079,0.05,1.0,-0.16116196775788294,,hybrid_growth_tqqq_position_scaling,baseline,No extra scaling; use the existing MA200 + ATR staged TQQQ sizing as-is.,BOXX
hybrid_tqqq_scaling::baseline::boxx,hybrid_tqqq_scaling::baseline::boxx,5.0,2023+,2023-01-03,2026-04-02,1.0067162449629734,0.23946594420737966,-0.2011224879236717,7.500255198481181,0.24467865166648115,1.0031772689326897,1.0229412492082917,-0.029704691104599622,-0.17226635339526875,1.1797771547842468,1.8132855157217878,1.2416874485412759,0.4582910429816177,0.4917089570183824,0.05,1.0,,0.23946594420737966,hybrid_growth_tqqq_position_scaling,baseline,No extra scaling; use the existing MA200 + ATR staged TQQQ sizing as-is.,BOXX
hybrid_tqqq_scaling::baseline::boxx,hybrid_tqqq_scaling::baseline::boxx,10.0,Full Sample,2018-01-02,2026-04-02,4.186646720714057,0.22092978618618875,-0.45524833416871313,12.334929363802289,0.2808336217967468,0.8543430825656202,0.781648002906341,0.08843402629484975,0.2133170887762941,1.1616225665617246,1.0505425240102984,1.2726290657246742,0.3949161432235001,0.5550838567764999,0.05000000000000001,1.0,-0.1613764389322091,0.2386962504047463,hybrid_growth_tqqq_position_scaling,baseline,No extra scaling; use the existing MA200 + ATR staged TQQQ sizing as-is.,BOXX
hybrid_tqqq_scaling::baseline::boxx,hybrid_tqqq_scaling::baseline::boxx,10.0,2018-2021,2018-01-02,2021-12-31,2.08822467602542,0.3261573165344891,-0.45524833416871313,12.373040087323185,0.33441573433569555,1.012986397381014,0.9672192965127219,0.08057209549270908,0.303027262277505,1.337358958998154,1.3984037486627192,1.4919739331536854,0.43513857926198757,0.5148614207380124,0.05,1.0,,,hybrid_growth_tqqq_position_scaling,baseline,No extra scaling; use the existing MA200 + ATR staged TQQQ sizing as-is.,BOXX
hybrid_tqqq_scaling::baseline::boxx,hybrid_tqqq_scaling::baseline::boxx,10.0,2022,2022-01-03,2022-12-30,-0.1613764389322091,-0.16311222102667988,-0.1740049192752705,17.041663668418124,0.08563056739264263,-2.0190757728925353,0.050848434369750756,-0.15540577108423922,0.5413963348834626,0.0,0.2601334509141986,0.5123799195847096,0.027606347089391997,0.9223936529106079,0.05,1.0,-0.1613764389322091,,hybrid_growth_tqqq_position_scaling,baseline,No extra scaling; use the existing MA200 + ATR staged TQQQ sizing as-is.,BOXX
hybrid_tqqq_scaling::baseline::boxx,hybrid_tqqq_scaling::baseline::boxx,10.0,2023+,2023-01-03,2026-04-02,1.002676119852417,0.2386962504047463,-0.20112248792367204,7.51648649398249,0.24468162221025144,1.0006197135790358,1.0229485077215295,-0.03032945038139499,-0.1768211078913804,1.1790084599946409,1.8162499181378562,1.2416874485412759,0.4582910429816177,0.4917089570183824,0.05,1.0,,0.2386962504047463,hybrid_growth_tqqq_position_scaling,baseline,No extra scaling; use the existing MA200 + ATR staged TQQQ sizing as-is.,BOXX
hybrid_tqqq_scaling::baseline::qqq,hybrid_tqqq_scaling::baseline::qqq,0.0,Full Sample,2018-01-02,2026-04-02,6.907423037176722,0.2849912115662059,-0.4993622291355213,17.08335293191642,0.36789507418963946,0.8689298580639737,1.4396500277350464,0.040650850247270255,0.7503312775133378,1.6610823479577816,1.66244928972698,1.242602113024156,0.3786503606556797,0.5713496393443203,0.05000000000000001,1.0,-0.38759675919467107,0.38729582967176523,hybrid_growth_tqqq_position_scaling,baseline,No extra scaling; use the existing MA200 + ATR staged TQQQ sizing as-is.,QQQ
hybrid_tqqq_scaling::baseline::qqq,hybrid_tqqq_scaling::baseline::qqq,0.0,2018-2021,2018-01-02,2021-12-31,3.464273399977465,0.45432130329894105,-0.4993622291355213,12.219056968295094,0.4020258221813158,1.1350426113129868,1.537227913129752,0.04597362689508486,0.9706876164089591,1.7696686604562881,1.852488799317836,1.5125478933229402,0.40351837337433744,0.5464816266256625,0.05,1.0,,,hybrid_growth_tqqq_position_scaling,baseline,No extra scaling; use the existing MA200 + ATR staged TQQQ sizing as-is.,QQQ
hybrid_tqqq_scaling::baseline::qqq,hybrid_tqqq_scaling::baseline::qqq,0.0,2022,2022-01-03,2022-12-30,-0.38759675919467107,-0.3911219699670473,-0.41282898947336777,31.462087250189345,0.32019083450294716,-1.37552634599831,0.9831470124386541,-0.10228691127073734,-1.7499545501216582,0.9513806498497431,1.1149551582509316,0.5058864265927978,0.027191235059760958,0.922808764940239,0.05,1.0,-0.38759675919467107,,hybrid_growth_tqqq_position_scaling,baseline,No extra scaling; use the existing MA200 + ATR staged TQQQ sizing as-is.,QQQ
hybrid_tqqq_scaling::baseline::qqq,hybrid_tqqq_scaling::baseline::qqq,0.0,2023+,2023-01-03,2026-04-02,1.8923224571312405,0.38729582967176523,-0.32071858140331144,9.601123601649789,0.3348739401273945,1.148998148546468,1.6248578662632154,-0.05230064036161274,0.75512878476614,1.670040930711379,2.282175898750364,1.1420128169372057,0.456134144341776,0.4938658556582241,0.05,1.0,,0.38729582967176523,hybrid_growth_tqqq_position_scaling,baseline,No extra scaling; use the existing MA200 + ATR staged TQQQ sizing as-is.,QQQ
hybrid_tqqq_scaling::baseline::qqq,hybrid_tqqq_scaling::baseline::qqq,5.0,Full Sample,2018-01-02,2026-04-02,6.866659754665163,0.28418610138095324,-0.49982699537146513,17.10017703092772,0.36790779677873486,0.8672077345817509,1.4396755448352243,0.04002337706037221,0.7465344684799274,1.6601554596144081,1.663823233013574,1.242602113024156,0.3786503606556797,0.5713496393443203,0.05000000000000001,1.0,-0.38775218252187793,0.3865033426282003,hybrid_growth_tqqq_position_scaling,baseline,No extra scaling; use the existing MA200 + ATR staged TQQQ sizing as-is.,QQQ
hybrid_tqqq_scaling::baseline::qqq,hybrid_tqqq_scaling::baseline::qqq,5.0,2018-2021,2018-01-02,2021-12-31,3.450630394504575,0.453207386760921,-0.49982699537146513,12.23692950836031,0.4020467578001082,1.1331050220441732,1.5372696261305623,0.04520725349303614,0.9666659036359151,1.7684166655698714,1.8540857995650841,1.5125478933229402,0.40351837337433744,0.5464816266256625,0.05,1.0,,,hybrid_growth_tqqq_position_scaling,baseline,No extra scaling; use the existing MA200 + ATR staged TQQQ sizing as-is.,QQQ
hybrid_tqqq_scaling::baseline::qqq,hybrid_tqqq_scaling::baseline::qqq,5.0,2022,2022-01-03,2022-12-30,-0.38775218252187793,-0.39127831763190657,-0.41297800905068993,31.478236428800237,0.32020053815235344,-1.3762685321042323,0.9831637408863653,-0.10253215369698532,-1.7537079975325178,0.9513806498497431,1.115288607876213,0.5058864265927978,0.027191235059760958,0.922808764940239,0.05,1.0,-0.38775218252187793,,hybrid_growth_tqqq_position_scaling,baseline,No extra scaling; use the existing MA200 + ATR staged TQQQ sizing as-is.,QQQ
hybrid_tqqq_scaling::baseline::qqq,hybrid_tqqq_scaling::baseline::qqq,5.0,2023+,2023-01-03,2026-04-02,1.8869654835771938,0.3865033426282003,-0.3211199338433649,9.612987986459109,0.3348768231439471,1.1472777413638375,1.6248674623942565,-0.0528760335340464,0.751374065832975,1.6693524826593085,2.2849699561746517,1.1420128169372057,0.456134144341776,0.4938658556582241,0.05,1.0,,0.3865033426282003,hybrid_growth_tqqq_position_scaling,baseline,No extra scaling; use the existing MA200 + ATR staged TQQQ sizing as-is.,QQQ
hybrid_tqqq_scaling::baseline::qqq,hybrid_tqqq_scaling::baseline::qqq,10.0,Full Sample,2018-01-02,2026-04-02,6.826099146257124,0.28338134722268116,-0.5002914262034555,17.117026277161745,0.3679208194287109,0.8654850243465517,1.439701061935403,0.039395903873474025,0.7427356221661006,1.659228664221504,1.66519671493617,1.242602113024156,0.3786503606556797,0.5713496393443203,0.05000000000000001,1.0,-0.38790758880583176,0.3857111755535678,hybrid_growth_tqqq_position_scaling,baseline,No extra scaling; use the existing MA200 + ATR staged TQQQ sizing as-is.,QQQ
hybrid_tqqq_scaling::baseline::qqq,hybrid_tqqq_scaling::baseline::qqq,10.0,2018-2021,2018-01-02,2021-12-31,3.4370263926017826,0.45209410302043906,-0.5002914262034555,12.25483277400584,0.4020680464109955,1.1311666414568144,1.5373113391313722,0.04444088009098757,0.9626418691018978,1.7671648010900107,1.8556820485002423,1.5125478933229402,0.40351837337433744,0.5464816266256625,0.05,1.0,,,hybrid_growth_tqqq_position_scaling,baseline,No extra scaling; use the existing MA200 + ATR staged TQQQ sizing as-is.,QQQ
hybrid_tqqq_scaling::baseline::qqq,hybrid_tqqq_scaling::baseline::qqq,10.0,2022,2022-01-03,2022-12-30,-0.38790758880583176,-0.3914346476849666,-0.4131270122869748,31.494384594920643,0.3202103500344993,-1.377010207791082,0.9831804693340765,-0.10277739612323324,-1.757438341914792,0.9513806498497431,1.115622020936412,0.5058864265927978,0.027191235059760958,0.922808764940239,0.05,1.0,-0.38790758880583176,,hybrid_growth_tqqq_position_scaling,baseline,No extra scaling; use the existing MA200 + ATR staged TQQQ sizing as-is.,QQQ
hybrid_tqqq_scaling::baseline::qqq,hybrid_tqqq_scaling::baseline::qqq,10.0,2023+,2023-01-03,2026-04-02,1.881617536333859,0.3857111755535678,-0.32152111227747526,9.624892886058332,0.33487998774889427,1.1455564005460623,1.6248770585252972,-0.053451426706479954,0.7476165361475234,1.6686640970224604,2.2877633214405417,1.1420128169372057,0.456134144341776,0.4938658556582241,0.05,1.0,,0.3857111755535678,hybrid_growth_tqqq_position_scaling,baseline,No extra scaling; use the existing MA200 + ATR staged TQQQ sizing as-is.,QQQ
hybrid_tqqq_scaling::trend_score_4_boost::boxx,hybrid_tqqq_scaling::trend_score_4_boost::boxx,0.0,Full Sample,2018-01-02,2026-04-02,3.39710381670717,0.1967228234457934,-0.3202856721598274,10.874140683764526,0.22699191664610752,0.907461521466919,0.5909389093060463,0.09145426446198583,0.06000653316801401,0.928979706241694,0.7662814888257097,7.243383573213819,0.3533065779734249,0.596693422026575,0.05000000000000001,0.8997591190640056,-0.10845399026601144,0.16140954928439455,hybrid_growth_tqqq_position_scaling,trend_score_4_boost,"Use MA20, MA20>MA60, RSI14>55, MACD bullish as a 4-factor score to scale TQQQ while already in-risk.",BOXX
hybrid_tqqq_scaling::trend_score_4_boost::boxx,hybrid_tqqq_scaling::trend_score_4_boost::boxx,0.0,2018-2021,2018-01-02,2021-12-31,2.035200560968969,0.3204200014276639,-0.3202856721598274,8.773742487522183,0.26440530405587354,1.1839998490713017,0.7099814314012866,0.12353561695119994,0.2176590432527138,1.0985256126318625,0.9203565211622895,7.339504010277546,0.39352521900102594,0.556474780998974,0.05,0.9262536873156344,,,hybrid_growth_tqqq_position_scaling,trend_score_4_boost,"Use MA20, MA20>MA60, RSI14>55, MACD bullish as a 4-factor score to scale TQQQ while already in-risk.",BOXX
hybrid_tqqq_scaling::trend_score_4_boost::boxx,hybrid_tqqq_scaling::trend_score_4_boost::boxx,0.0,2022,2022-01-03,2022-12-30,-0.10845399026601144,-0.10965810328638503,-0.12171908392726316,11.963623591350231,0.06259573949801955,-1.808910009159374,0.03387920804387443,-0.10157762994270202,0.7299560309434798,0.0,0.17482399066748888,0.7335353185595568,0.015912574067150406,0.9340874259328494,0.05,0.5676470588235294,-0.10845399026601144,,hybrid_growth_tqqq_position_scaling,trend_score_4_boost,"Use MA20, MA20>MA60, RSI14>55, MACD bullish as a 4-factor score to scale TQQQ while already in-risk.",BOXX
hybrid_tqqq_scaling::trend_score_4_boost::boxx,hybrid_tqqq_scaling::trend_score_4_boost::boxx,0.0,2023+,2023-01-03,2026-04-02,0.6249333984411465,0.16140954928439455,-0.18206243350186369,7.860973602655189,0.2079980531592066,0.8263191669077649,0.8166513730103669,-0.047798103997025616,-0.7176560649357311,0.9032998903491934,1.525658873388605,9.15099470170893,0.4074728415619563,0.5425271584380438,0.05,0.8835092348284961,,0.16140954928439455,hybrid_growth_tqqq_position_scaling,trend_score_4_boost,"Use MA20, MA20>MA60, RSI14>55, MACD bullish as a 4-factor score to scale TQQQ while already in-risk.",BOXX
hybrid_tqqq_scaling::trend_score_4_boost::boxx,hybrid_tqqq_scaling::trend_score_4_boost::boxx,5.0,Full Sample,2018-01-02,2026-04-02,3.2679658377358143,0.19240476802792195,-0.3209738840406271,10.956462327382702,0.22696907315102427,0.8915645887852575,0.5908638537393487,0.08783996960342406,0.042118495286873434,0.9223842048083035,0.7722536448251007,7.243383573213819,0.3533065779734249,0.596693422026575,0.05000000000000001,0.8997591190640056,-0.10877963244601341,0.15611184561134706,hybrid_growth_tqqq_position_scaling,trend_score_4_boost,"Use MA20, MA20>MA60, RSI14>55, MACD bullish as a 4-factor score to scale TQQQ while already in-risk.",BOXX
hybrid_tqqq_scaling::trend_score_4_boost::boxx,hybrid_tqqq_scaling::trend_score_4_boost::boxx,5.0,2018-2021,2018-01-02,2021-12-31,1.9911766658108268,0.31559915952444495,-0.3209738840406271,8.806594503267243,0.26436970222443906,1.1702971600153889,0.7098638315769003,0.11990228029214917,0.20037405934038793,1.0917681708994946,0.9265152992574218,7.339504010277546,0.39352521900102594,0.556474780998974,0.05,0.9262536873156344,,,hybrid_growth_tqqq_position_scaling,trend_score_4_boost,"Use MA20, MA20>MA60, RSI14>55, MACD bullish as a 4-factor score to scale TQQQ while already in-risk.",BOXX
hybrid_tqqq_scaling::trend_score_4_boost::boxx,hybrid_tqqq_scaling::trend_score_4_boost::boxx,5.0,2022,2022-01-03,2022-12-30,-0.10877963244601341,-0.1099871335096042,-0.12200742455306912,11.99186555068204,0.06263654302149631,-1.8135420387556096,0.033897347548176616,-0.10193533525669467,0.728799514248773,0.0,0.17534891646570275,0.7335353185595568,0.015912574067150406,0.9340874259328494,0.05,0.5676470588235294,-0.10877963244601341,,hybrid_growth_tqqq_position_scaling,trend_score_4_boost,"Use MA20, MA20>MA60, RSI14>55, MACD bullish as a 4-factor score to scale TQQQ while already in-risk.",BOXX
hybrid_tqqq_scaling::trend_score_4_boost::boxx,hybrid_tqqq_scaling::trend_score_4_boost::boxx,5.0,2023+,2023-01-03,2026-04-02,0.6010089774752778,0.15611184561134706,-0.18393279540250984,7.957515622102983,0.20799235185652207,0.8042738667802822,0.8166421696737669,-0.0523855933100213,-0.7516078678715116,0.895464953516533,1.5407873260357359,9.15099470170893,0.4074728415619563,0.5425271584380438,0.05,0.8835092348284961,,0.15611184561134706,hybrid_growth_tqqq_position_scaling,trend_score_4_boost,"Use MA20, MA20>MA60, RSI14>55, MACD bullish as a 4-factor score to scale TQQQ while already in-risk.",BOXX
hybrid_tqqq_scaling::trend_score_4_boost::boxx,hybrid_tqqq_scaling::trend_score_4_boost::boxx,10.0,Full Sample,2018-01-02,2026-04-02,3.1426068500097086,0.18810181858747477,-0.32166154943154857,11.03916782978893,0.22694776238670628,0.8756585419103469,0.5907887981726514,0.08422567474486223,0.024229466909372062,0.915791655908414,0.7782235752420342,7.243383573213819,0.3533065779734249,0.596693422026575,0.05000000000000001,0.8997591190640056,-0.10910518133597724,0.15083779340528802,hybrid_growth_tqqq_position_scaling,trend_score_4_boost,"Use MA20, MA20>MA60, RSI14>55, MACD bullish as a 4-factor score to scale TQQQ while already in-risk.",BOXX
hybrid_tqqq_scaling::trend_score_4_boost::boxx,hybrid_tqqq_scaling::trend_score_4_boost::boxx,10.0,2018-2021,2018-01-02,2021-12-31,1.947785956791023,0.310795322246604,-0.32166154943154857,8.839821644515801,0.2643356182449234,1.156584138561568,0.7097462317525142,0.11626894363309842,0.1830855798000972,1.0850138481082463,0.9326717502289991,7.339504010277546,0.39352521900102594,0.556474780998974,0.05,0.9262536873156344,,,hybrid_growth_tqqq_position_scaling,trend_score_4_boost,"Use MA20, MA20>MA60, RSI14>55, MACD bullish as a 4-factor score to scale TQQQ while already in-risk.",BOXX
hybrid_tqqq_scaling::trend_score_4_boost::boxx,hybrid_tqqq_scaling::trend_score_4_boost::boxx,10.0,2022,2022-01-03,2022-12-30,-0.10910518133597724,-0.11031606805740912,-0.12229569458960521,12.020100775303103,0.06267776818756053,-1.818155806280485,0.03391548705247881,-0.10229304057068735,0.7276428088830019,0.0,0.17587369188306687,0.7335353185595568,0.015912574067150406,0.9340874259328494,0.05,0.5676470588235294,-0.10910518133597724,,hybrid_growth_tqqq_position_scaling,trend_score_4_boost,"Use MA20, MA20>MA60, RSI14>55, MACD bullish as a 4-factor score to scale TQQQ while already in-risk.",BOXX
hybrid_tqqq_scaling::trend_score_4_boost::boxx,hybrid_tqqq_scaling::trend_score_4_boost::boxx,10.0,2023+,2023-01-03,2026-04-02,0.5774345190634582,0.15083779340528802,-0.18579909431407426,8.054592936193039,0.20798839749747655,0.7822207879348718,0.816632966337167,-0.05697308262301701,-0.7855471354563751,0.8876333958951692,1.5559101182993853,9.15099470170893,0.4074728415619563,0.5425271584380438,0.05,0.8835092348284961,,0.15083779340528802,hybrid_growth_tqqq_position_scaling,trend_score_4_boost,"Use MA20, MA20>MA60, RSI14>55, MACD bullish as a 4-factor score to scale TQQQ while already in-risk.",BOXX
hybrid_tqqq_scaling::trend_score_4_boost::qqq,hybrid_tqqq_scaling::trend_score_4_boost::qqq,0.0,Full Sample,2018-01-02,2026-04-02,6.411838610633141,0.27494520183566595,-0.42085772445475156,16.497993254636942,0.3342818090693107,0.8967284799300484,1.3203597809458592,0.04385596029023313,0.7865147484605393,1.5131323253221376,1.4688974809092434,7.0298614881352,0.3394691810109143,0.6105308189890856,0.05000000000000001,0.8997591190640056,-0.36288977222484675,0.3331226678728574,hybrid_growth_tqqq_position_scaling,trend_score_4_boost,"Use MA20, MA20>MA60, RSI14>55, MACD bullish as a 4-factor score to scale TQQQ while already in-risk.",QQQ
hybrid_tqqq_scaling::trend_score_4_boost::qqq,hybrid_tqqq_scaling::trend_score_4_boost::qqq,0.0,2018-2021,2018-01-02,2021-12-31,3.5770813192972053,0.46343534909086115,-0.42085772445475156,10.109257765688124,0.3578885387218169,1.2442307112721,1.3801252831624233,0.07688958373545601,1.1700288610355183,1.6240471185974072,1.5234972118802266,6.954528960861724,0.3667578575565947,0.5832421424434053,0.05,0.9262536873156344,,,hybrid_growth_tqqq_position_scaling,trend_score_4_boost,"Use MA20, MA20>MA60, RSI14>55, MACD bullish as a 4-factor score to scale TQQQ while already in-risk.",QQQ
hybrid_tqqq_scaling::trend_score_4_boost::qqq,hybrid_tqqq_scaling::trend_score_4_boost::qqq,0.0,2022,2022-01-03,2022-12-30,-0.36288977222484675,-0.3662621823204174,-0.3891399794559439,28.88046066127116,0.3146880028566705,-1.2793149118907687,0.9724259369444054,-0.06812844874927083,-1.400205717155887,0.9513806498497431,1.0619480859217998,0.7335353185595567,0.01588645418326693,0.934113545816733,0.05,0.5676470588235294,-0.36288977222484675,,hybrid_growth_tqqq_position_scaling,trend_score_4_boost,"Use MA20, MA20>MA60, RSI14>55, MACD bullish as a 4-factor score to scale TQQQ while already in-risk.",QQQ
hybrid_tqqq_scaling::trend_score_4_boost::qqq,hybrid_tqqq_scaling::trend_score_4_boost::qqq,0.0,2023+,2023-01-03,2026-04-02,1.5416909859234882,0.3331226678728574,-0.3142321270620666,9.701339775151517,0.3077971929859977,1.0918385636237167,1.4887796558392665,-0.06440168312959937,0.5170473869999664,1.4861526588973162,2.0815974695200348,9.082260589338373,0.4053738171774096,0.5446261828225905,0.05,0.8835092348284961,,0.3331226678728574,hybrid_growth_tqqq_position_scaling,trend_score_4_boost,"Use MA20, MA20>MA60, RSI14>55, MACD bullish as a 4-factor score to scale TQQQ while already in-risk.",QQQ
hybrid_tqqq_scaling::trend_score_4_boost::qqq,hybrid_tqqq_scaling::trend_score_4_boost::qqq,5.0,Full Sample,2018-01-02,2026-04-02,6.200571714967527,0.27048211467792327,-0.421216153104769,16.57449334392771,0.3342638181696196,0.8862405457941357,1.3202945970699043,0.04034672396933137,0.7604655645404684,1.5066479770140628,1.4746746154772612,7.0298614881352,0.3394691810109143,0.6105308189890856,0.05000000000000001,0.8997591190640056,-0.3631234799056622,0.3270903097871012,hybrid_growth_tqqq_position_scaling,trend_score_4_boost,"Use MA20, MA20>MA60, RSI14>55, MACD bullish as a 4-factor score to scale TQQQ while already in-risk.",QQQ
hybrid_tqqq_scaling::trend_score_4_boost::qqq,hybrid_tqqq_scaling::trend_score_4_boost::qqq,5.0,2018-2021,2018-01-02,2021-12-31,3.514183252017242,0.45837469783265905,-0.421216153104769,10.133821530584962,0.3578604312402652,1.2346249212128118,1.3800252708713652,0.0734437763389033,1.1474519204274491,1.6175583679884207,1.5293380274942265,6.954528960861724,0.3667578575565947,0.5832421424434053,0.05,0.9262536873156344,,,hybrid_growth_tqqq_position_scaling,trend_score_4_boost,"Use MA20, MA20>MA60, RSI14>55, MACD bullish as a 4-factor score to scale TQQQ while already in-risk.",QQQ
hybrid_tqqq_scaling::trend_score_4_boost::qqq,hybrid_tqqq_scaling::trend_score_4_boost::qqq,5.0,2022,2022-01-03,2022-12-30,-0.3631234799056622,-0.36649738925265185,-0.38934157993658236,28.90248853684826,0.31469919830298276,-1.280425883013607,0.9724444542900595,-0.06848602410834216,-1.4075985733146248,0.9513806498497431,1.0624494890251421,0.7335353185595567,0.01588645418326693,0.934113545816733,0.05,0.5676470588235294,-0.3631234799056622,,hybrid_growth_tqqq_position_scaling,trend_score_4_boost,"Use MA20, MA20>MA60, RSI14>55, MACD bullish as a 4-factor score to scale TQQQ while already in-risk.",QQQ
hybrid_tqqq_scaling::trend_score_4_boost::qqq,hybrid_tqqq_scaling::trend_score_4_boost::qqq,5.0,2023+,2023-01-03,2026-04-02,1.5045664406954384,0.3270903097871012,-0.31560601686171486,9.779819498332923,0.3077935152523236,1.0770511380414698,1.4887716256318098,-0.06895501227871942,0.4819548024685543,1.478238491843415,2.096448049976104,9.082260589338373,0.4053738171774096,0.5446261828225905,0.05,0.8835092348284961,,0.3270903097871012,hybrid_growth_tqqq_position_scaling,trend_score_4_boost,"Use MA20, MA20>MA60, RSI14>55, MACD bullish as a 4-factor score to scale TQQQ while already in-risk.",QQQ
hybrid_tqqq_scaling::trend_score_4_boost::qqq,hybrid_tqqq_scaling::trend_score_4_boost::qqq,10.0,Full Sample,2018-01-02,2026-04-02,5.99530530316161,0.2660341799966992,-0.4221142730634563,16.651435093921265,0.33424679531770424,0.8757489462674783,1.3202294131939492,0.03683748764842966,0.734396684447165,1.5001664269807247,1.4804496199452375,7.0298614881352,0.3394691810109143,0.6105308189890856,0.05000000000000001,0.8997591190640056,-0.363357120430144,0.32108466485610654,hybrid_growth_tqqq_position_scaling,trend_score_4_boost,"Use MA20, MA20>MA60, RSI14>55, MACD bullish as a 4-factor score to scale TQQQ while already in-risk.",QQQ
hybrid_tqqq_scaling::trend_score_4_boost::qqq,hybrid_tqqq_scaling::trend_score_4_boost::qqq,10.0,2018-2021,2018-01-02,2021-12-31,3.4521423731805667,0.45333096197500744,-0.42157440046864814,10.158520144172872,0.3578333142065678,1.2250142313674108,1.3799252585803072,0.06999796894235057,1.1248498349540805,1.611072455586179,1.535176680866585,6.954528960861724,0.3667578575565947,0.5832421424434053,0.05,0.9262536873156344,,,hybrid_growth_tqqq_position_scaling,trend_score_4_boost,"Use MA20, MA20>MA60, RSI14>55, MACD bullish as a 4-factor score to scale TQQQ while already in-risk.",QQQ
hybrid_tqqq_scaling::trend_score_4_boost::qqq,hybrid_tqqq_scaling::trend_score_4_boost::qqq,10.0,2022,2022-01-03,2022-12-30,-0.363357120430144,-0.36673252758204944,-0.3895431308658047,28.924512852686647,0.3147104827905193,-1.2815364125075415,0.9724629716357135,-0.06884359946741353,-1.4149564090647069,0.9513806498497431,1.062950748049375,0.7335353185595567,0.01588645418326693,0.934113545816733,0.05,0.5676470588235294,-0.363357120430144,,hybrid_growth_tqqq_position_scaling,trend_score_4_boost,"Use MA20, MA20>MA60, RSI14>55, MACD bullish as a 4-factor score to scale TQQQ while already in-risk.",QQQ
hybrid_tqqq_scaling::trend_score_4_boost::qqq,hybrid_tqqq_scaling::trend_score_4_boost::qqq,10.0,2023+,2023-01-03,2026-04-02,1.467980610906233,0.32108466485610654,-0.3169772910868218,9.858562549740096,0.3077910064585205,1.062259324771458,1.488763595424353,-0.07350834142783948,0.4468492617849032,1.4703276881889322,2.1112930990169745,9.082260589338373,0.4053738171774096,0.5446261828225905,0.05,0.8835092348284961,,0.32108466485610654,hybrid_growth_tqqq_position_scaling,trend_score_4_boost,"Use MA20, MA20>MA60, RSI14>55, MACD bullish as a 4-factor score to scale TQQQ while already in-risk.",QQQ
hybrid_tqqq_scaling::consensus_score_6::boxx,hybrid_tqqq_scaling::consensus_score_6::boxx,0.0,Full Sample,2018-01-02,2026-04-02,3.1124252057669874,0.18704876021969552,-0.2623297622152332,9.124563613488675,0.19862499735406203,0.9653404309715499,0.5038417541759675,0.0940892129431415,-0.0104959481232202,0.827523509919863,0.6399585173301173,6.625117884609417,0.30939611209680606,0.6406038879031939,0.05000000000000001,0.7782863041982105,-0.0838995345529322,0.16162087514884305,hybrid_growth_tqqq_position_scaling,consensus_score_6,Use the trend score plus MFI>50 and CCI>0; weaker consensus trims TQQQ more aggressively.,BOXX
hybrid_tqqq_scaling::consensus_score_6::boxx,hybrid_tqqq_scaling::consensus_score_6::boxx,0.0,2018-2021,2018-01-02,2021-12-31,1.7609782749527154,0.28948679719052417,-0.2623297622152332,7.356031284398107,0.22948934364947932,1.222789758955588,0.59845836781972,0.12086661391270756,0.06761491682621888,0.959534023737625,0.7580544851789723,6.862481673123172,0.3454099844192087,0.6045900155807912,0.05,0.7994837758112092,,,hybrid_growth_tqqq_position_scaling,consensus_score_6,Use the trend score plus MFI>50 and CCI>0; weaker consensus trims TQQQ more aggressively.,BOXX
hybrid_tqqq_scaling::consensus_score_6::boxx,hybrid_tqqq_scaling::consensus_score_6::boxx,0.0,2022,2022-01-03,2022-12-30,-0.0838995345529322,-0.08484413878400643,-0.09560035733725158,9.400840387356265,0.050380370988511905,-1.7203348830886487,0.026579090682937553,-0.07752948545525487,0.8134862245111206,0.0,0.13524291654246529,0.430003462603878,0.011905696824358557,0.9380943031756415,0.05,0.40882352941176464,-0.0838995345529322,,hybrid_growth_tqqq_position_scaling,consensus_score_6,Use the trend score plus MFI>50 and CCI>0; weaker consensus trims TQQQ more aggressively.,BOXX
hybrid_tqqq_scaling::consensus_score_6::boxx,hybrid_tqqq_scaling::consensus_score_6::boxx,0.0,2023+,2023-01-03,2026-04-02,0.6258928424328116,0.16162087514884305,-0.15433928768812033,6.836944398258654,0.18531604957264636,0.9041929038945166,0.7108899181744911,-0.023660673387110327,-0.7618407901481409,0.8306037522427331,1.3114508682240564,8.25929371928849,0.35647354882368043,0.5935264511763196,0.05,0.7676121372031661,,0.16162087514884305,hybrid_growth_tqqq_position_scaling,consensus_score_6,Use the trend score plus MFI>50 and CCI>0; weaker consensus trims TQQQ more aggressively.,BOXX
hybrid_tqqq_scaling::consensus_score_6::boxx,hybrid_tqqq_scaling::consensus_score_6::boxx,5.0,Full Sample,2018-01-02,2026-04-02,3.0017262833423164,0.18312734613364912,-0.26300754988283637,9.198818608355484,0.1986154273002244,0.9486757628465943,0.5038154377312493,0.09077521489517093,-0.02730021481378847,0.8215928276077349,0.6456517126220439,6.625117884609417,0.30939611209680606,0.6406038879031939,0.05000000000000001,0.7782863041982105,-0.08409453990551363,0.15683884851349816,hybrid_growth_tqqq_position_scaling,consensus_score_6,Use the trend score plus MFI>50 and CCI>0; weaker consensus trims TQQQ more aggressively.,BOXX
hybrid_tqqq_scaling::consensus_score_6::boxx,hybrid_tqqq_scaling::consensus_score_6::boxx,5.0,2018-2021,2018-01-02,2021-12-31,1.7234362409759232,0.28507483166763325,-0.26300754988283637,7.390542075331983,0.22948364698422274,1.2078885756039566,0.5984422772522192,0.11744436535463107,0.05067970515262068,0.9533065035865077,0.7640621944902867,6.862481673123172,0.3454099844192087,0.6045900155807912,0.05,0.7994837758112092,,,hybrid_growth_tqqq_position_scaling,consensus_score_6,Use the trend score plus MFI>50 and CCI>0; weaker consensus trims TQQQ more aggressively.,BOXX
hybrid_tqqq_scaling::consensus_score_6::boxx,hybrid_tqqq_scaling::consensus_score_6::boxx,5.0,2022,2022-01-03,2022-12-30,-0.08409453990551363,-0.08504123621899562,-0.09579287199895514,9.41964610031917,0.0503865955429016,-1.7243565537991654,0.02658402105129588,-0.07774113631573167,0.8128131984163529,0.0,0.13555725954422007,0.430003462603878,0.011905696824358557,0.9380943031756415,0.05,0.40882352941176464,-0.08409453990551363,,hybrid_growth_tqqq_position_scaling,consensus_score_6,Use the trend score plus MFI>50 and CCI>0; weaker consensus trims TQQQ more aggressively.,BOXX
hybrid_tqqq_scaling::consensus_score_6::boxx,hybrid_tqqq_scaling::consensus_score_6::boxx,5.0,2023+,2023-01-03,2026-04-02,0.6042775989064677,0.15683884851349816,-0.15606305829253042,6.923502500876718,0.18530364052666898,0.8818971493246214,0.7108780882713064,-0.02780019592533471,-0.793039193099514,0.8237649431205925,1.3259568915383375,8.25929371928849,0.35647354882368043,0.5935264511763196,0.05,0.7676121372031661,,0.15683884851349816,hybrid_growth_tqqq_position_scaling,consensus_score_6,Use the trend score plus MFI>50 and CCI>0; weaker consensus trims TQQQ more aggressively.,BOXX
hybrid_tqqq_scaling::consensus_score_6::boxx,hybrid_tqqq_scaling::consensus_score_6::boxx,10.0,Full Sample,2018-01-02,2026-04-02,2.8939968949551647,0.17921850902336445,-0.2636848334640992,9.273416061601583,0.19860724890851203,0.9320029580192174,0.5037891212865311,0.08746121684720032,-0.04410451310527068,0.8156644778840422,0.6513428500736873,6.625117884609417,0.30939611209680606,0.6406038879031939,0.05000000000000001,0.7782863041982105,-0.08428952144856516,0.15207611871717286,hybrid_growth_tqqq_position_scaling,consensus_score_6,Use the trend score plus MFI>50 and CCI>0; weaker consensus trims TQQQ more aggressively.,BOXX
hybrid_tqqq_scaling::consensus_score_6::boxx,hybrid_tqqq_scaling::consensus_score_6::boxx,10.0,2018-2021,2018-01-02,2021-12-31,1.6864005863540266,0.2806774731066266,-0.2636848334640992,7.425329893816249,0.22947940499552766,1.192979090048017,0.5984261866847183,0.11402211679655466,0.03374392959614848,0.9470815498442099,0.7700675511412067,6.862481673123172,0.3454099844192087,0.6045900155807912,0.05,0.7994837758112092,,,hybrid_growth_tqqq_position_scaling,consensus_score_6,Use the trend score plus MFI>50 and CCI>0; weaker consensus trims TQQQ more aggressively.,BOXX
hybrid_tqqq_scaling::consensus_score_6::boxx,hybrid_tqqq_scaling::consensus_score_6::boxx,10.0,2022,2022-01-03,2022-12-30,-0.08428952144856516,-0.08523830909507346,-0.0959853631552341,9.438449666994758,0.050393199706046145,-1.72836421123555,0.026588951419654217,-0.07795278717620849,0.8121400140659467,0.0,0.1358715641656996,0.430003462603878,0.011905696824358557,0.9380943031756415,0.05,0.40882352941176464,-0.08428952144856516,,hybrid_growth_tqqq_position_scaling,consensus_score_6,Use the trend score plus MFI>50 and CCI>0; weaker consensus trims TQQQ more aggressively.,BOXX
hybrid_tqqq_scaling::consensus_score_6::boxx,hybrid_tqqq_scaling::consensus_score_6::boxx,10.0,2023+,2023-01-03,2026-04-02,0.5829479815268699,0.15207611871717286,-0.15778347852526498,7.010553924068704,0.18529268913602406,0.8595916461745077,0.7108662583681217,-0.03193971846355913,-0.8242314890330742,0.8169286639906519,1.340457858419039,8.25929371928849,0.35647354882368043,0.5935264511763196,0.05,0.7676121372031661,,0.15207611871717286,hybrid_growth_tqqq_position_scaling,consensus_score_6,Use the trend score plus MFI>50 and CCI>0; weaker consensus trims TQQQ more aggressively.,BOXX
hybrid_tqqq_scaling::consensus_score_6::qqq,hybrid_tqqq_scaling::consensus_score_6::qqq,0.0,Full Sample,2018-01-02,2026-04-02,6.185479614103817,0.2701589031718503,-0.40453558713057625,15.432270250712484,0.3168843102086737,0.915911874798635,1.2622630921258309,0.04559398937579051,0.8315866995303427,1.445497442716378,1.3833530810531152,6.351840658958479,0.29408019192373613,0.6559198080762638,0.05000000000000001,0.7782863041982105,-0.3501458304073689,0.33537666837339297,hybrid_growth_tqqq_position_scaling,consensus_score_6,Use the trend score plus MFI>50 and CCI>0; weaker consensus trims TQQQ more aggressively.,QQQ
hybrid_tqqq_scaling::consensus_score_6::qqq,hybrid_tqqq_scaling::consensus_score_6::qqq,0.0,2018-2021,2018-01-02,2021-12-31,3.3265010695909334,0.4429530757621791,-0.3900530629688086,9.297265987967709,0.33613499597547397,1.2599402214572843,1.3071423581963484,0.07458550768290861,1.2067442592774844,1.533391426633794,1.41860662732872,6.4033302083320285,0.3169398827865781,0.6330601172134219,0.05,0.7994837758112092,,,hybrid_growth_tqqq_position_scaling,consensus_score_6,Use the trend score plus MFI>50 and CCI>0; weaker consensus trims TQQQ more aggressively.,QQQ
hybrid_tqqq_scaling::consensus_score_6::qqq,hybrid_tqqq_scaling::consensus_score_6::qqq,0.0,2022,2022-01-03,2022-12-30,-0.3501458304073689,-0.3534349592041133,-0.3760377013530093,27.451374031004104,0.31206310440858726,-1.2291825123423072,0.9672341323197329,-0.05091157636172357,-1.1549904568711393,0.9513806498497431,1.0346068708030849,0.4300034626038781,0.011508964143426295,0.9384910358565736,0.05,0.40882352941176464,-0.3501458304073689,,hybrid_growth_tqqq_position_scaling,consensus_score_6,Use the trend score plus MFI>50 and CCI>0; weaker consensus trims TQQQ more aggressively.,QQQ
hybrid_tqqq_scaling::consensus_score_6::qqq,hybrid_tqqq_scaling::consensus_score_6::qqq,0.0,2023+,2023-01-03,2026-04-02,1.5556597688929323,0.33537666837339297,-0.2988713279178564,9.053361265910539,0.29180853825282527,1.1409067249800118,1.4158872220306855,-0.047932883984804234,0.5610686746092223,1.4349584697185844,1.9286678401124935,8.130003409980178,0.35283210576804663,0.5971678942319534,0.05,0.7676121372031661,,0.33537666837339297,hybrid_growth_tqqq_position_scaling,consensus_score_6,Use the trend score plus MFI>50 and CCI>0; weaker consensus trims TQQQ more aggressively.,QQQ
hybrid_tqqq_scaling::consensus_score_6::qqq,hybrid_tqqq_scaling::consensus_score_6::qqq,5.0,Full Sample,2018-01-02,2026-04-02,5.999965034775191,0.26613641693753354,-0.4052914550085476,15.49701807411644,0.31687836145466786,0.905886760969907,1.2622423260584028,0.04241582395010877,0.8041845852821775,1.4397531918587216,1.3888313523990856,6.351840658958479,0.29408019192373613,0.6559198080762638,0.05000000000000001,0.7782863041982105,-0.350284618685464,0.3299672549938357,hybrid_growth_tqqq_position_scaling,consensus_score_6,Use the trend score plus MFI>50 and CCI>0; weaker consensus trims TQQQ more aggressively.,QQQ
hybrid_tqqq_scaling::consensus_score_6::qqq,hybrid_tqqq_scaling::consensus_score_6::qqq,5.0,2018-2021,2018-01-02,2021-12-31,3.2715839629221772,0.43834590079584856,-0.390359976107979,9.319110340632012,0.3361334166548841,1.250434197195346,1.3071333877278972,0.07139061996820259,1.1821018448760459,1.5275187975471431,1.4242753750497312,6.4033302083320285,0.3169398827865781,0.6330601172134219,0.05,0.7994837758112092,,,hybrid_growth_tqqq_position_scaling,consensus_score_6,Use the trend score plus MFI>50 and CCI>0; weaker consensus trims TQQQ more aggressively.,QQQ
hybrid_tqqq_scaling::consensus_score_6::qqq,hybrid_tqqq_scaling::consensus_score_6::qqq,5.0,2022,2022-01-03,2022-12-30,-0.350284618685464,-0.35357467051690716,-0.37617095994713345,27.465833545613023,0.31206532278474086,-1.2298574345749111,0.9672391802740169,-0.0511231867796452,-1.1610363342940995,0.9513806498497431,1.034904631121023,0.4300034626038781,0.011508964143426295,0.9384910358565736,0.05,0.40882352941176464,-0.350284618685464,,hybrid_growth_tqqq_position_scaling,consensus_score_6,Use the trend score plus MFI>50 and CCI>0; weaker consensus trims TQQQ more aggressively.,QQQ
hybrid_tqqq_scaling::consensus_score_6::qqq,hybrid_tqqq_scaling::consensus_score_6::qqq,5.0,2023+,2023-01-03,2026-04-02,1.5222247035576868,0.3299672549938357,-0.3001197941680209,9.125673716851056,0.29180252660153305,1.126955521695324,1.4158798567408761,-0.05200875789803011,0.5253430960516513,1.4281174725653842,1.9428312794272282,8.130003409980178,0.35283210576804663,0.5971678942319534,0.05,0.7676121372031661,,0.3299672549938357,hybrid_growth_tqqq_position_scaling,consensus_score_6,Use the trend score plus MFI>50 and CCI>0; weaker consensus trims TQQQ more aggressively.,QQQ
hybrid_tqqq_scaling::consensus_score_6::qqq,hybrid_tqqq_scaling::consensus_score_6::qqq,10.0,Full Sample,2018-01-02,2026-04-02,5.819223712139885,0.2621263024984313,-0.40604643793832085,15.562981707379274,0.3168732037016411,0.8958590344200578,1.262221559990976,0.039237658524426754,0.7767651320303844,1.434011058214996,1.3943076963372765,6.351840658958479,0.29408019192373613,0.6559198080762638,0.05000000000000001,0.7782863041982105,-0.35042339037762893,0.3245793212940751,hybrid_growth_tqqq_position_scaling,consensus_score_6,Use the trend score plus MFI>50 and CCI>0; weaker consensus trims TQQQ more aggressively.,QQQ
hybrid_tqqq_scaling::consensus_score_6::qqq,hybrid_tqqq_scaling::consensus_score_6::qqq,10.0,2018-2021,2018-01-02,2021-12-31,3.2173583727762223,0.4337529630543244,-0.3906667652139231,9.341095256428359,0.3361326942184025,1.240924920177073,1.3071244172594458,0.06819573225349657,1.1574396377766532,1.521648373647847,1.4299420139415493,6.4033302083320285,0.3169398827865781,0.6330601172134219,0.05,0.7994837758112092,,,hybrid_growth_tqqq_position_scaling,consensus_score_6,Use the trend score plus MFI>50 and CCI>0; weaker consensus trims TQQQ more aggressively.,QQQ
hybrid_tqqq_scaling::consensus_score_6::qqq,hybrid_tqqq_scaling::consensus_score_6::qqq,10.0,2022,2022-01-03,2022-12-30,-0.35042339037762893,-0.35371436478217433,-0.37630420261615327,27.48029226199164,0.3120676045746556,-1.2305320971613782,0.9672442282283013,-0.051334797197566714,-1.1670608676152723,0.9513806498497431,1.0352023558550358,0.4300034626038781,0.011508964143426295,0.9384910358565736,0.05,0.40882352941176464,-0.35042339037762893,,hybrid_growth_tqqq_position_scaling,consensus_score_6,Use the trend score plus MFI>50 and CCI>0; weaker consensus trims TQQQ more aggressively.,QQQ
hybrid_tqqq_scaling::consensus_score_6::qqq,hybrid_tqqq_scaling::consensus_score_6::qqq,10.0,2023+,2023-01-03,2026-04-02,1.489224420603926,0.3245793212940751,-0.3013661405217849,9.19823252421561,0.29179741148620025,1.1130003238997632,1.4158724914510663,-0.05608463181125584,0.4895995967193661,1.4212789413804834,1.9569898159703332,8.130003409980178,0.35283210576804663,0.5971678942319534,0.05,0.7676121372031661,,0.3245793212940751,hybrid_growth_tqqq_position_scaling,consensus_score_6,Use the trend score plus MFI>50 and CCI>0; weaker consensus trims TQQQ more aggressively.,QQQ
hybrid_tqqq_scaling::overheat_trim::boxx,hybrid_tqqq_scaling::overheat_trim::boxx,0.0,Full Sample,2018-01-02,2026-04-02,3.4966666158797324,0.19997652619495376,-0.26446582616574354,9.693726401552611,0.19247789391743925,1.0460182664899078,0.4881351574516755,0.10672802185389652,0.038382304475376855,0.8575916787402195,0.6380078343907194,6.763046494172005,0.306016896344617,0.6439831036553829,0.05000000000000001,0.7854439091534756,-0.08932366050997842,0.16326687610980528,hybrid_growth_tqqq_position_scaling,overheat_trim,"Keep baseline size unless the setup looks overbought or weakening, then trim in steps.",BOXX
hybrid_tqqq_scaling::overheat_trim::boxx,hybrid_tqqq_scaling::overheat_trim::boxx,0.0,2018-2021,2018-01-02,2021-12-31,2.023010045828052,0.31909035385983886,-0.26446582616574354,7.037426827320785,0.21812682326714516,1.3782384742135116,0.5672324035079763,0.1492155360613867,0.16938211318485635,1.009307701641006,0.7363732013966184,6.673208688755263,0.33666764035165797,0.6133323596483419,0.05,0.803834808259587,,,hybrid_growth_tqqq_position_scaling,overheat_trim,"Keep baseline size unless the setup looks overbought or weakening, then trim in steps.",BOXX
hybrid_tqqq_scaling::overheat_trim::boxx,hybrid_tqqq_scaling::overheat_trim::boxx,0.0,2022,2022-01-03,2022-12-30,-0.08932366050997842,-0.09032627199334842,-0.10287338963952208,10.129396484355137,0.0568635574914572,-1.6226585451346949,0.02854674454024737,-0.08245175755500408,0.7946303716538975,0.0,0.14398645107965952,0.5058864265927978,0.012113353479706927,0.937886646520293,0.05,0.42647058823529405,-0.08932366050997842,,hybrid_growth_tqqq_position_scaling,overheat_trim,"Keep baseline size unless the setup looks overbought or weakening, then trim in steps.",BOXX
hybrid_tqqq_scaling::overheat_trim::boxx,hybrid_tqqq_scaling::overheat_trim::boxx,0.0,2023+,2023-01-03,2026-04-02,0.6333792963167477,0.16326687610980528,-0.16520389649044476,6.953272964503745,0.18514386517935472,0.9125291922705375,0.709532221565404,-0.021907742115619286,-0.7505035944741205,0.8404373160573959,1.3255039167644198,8.81979710004401,0.358622834136022,0.5913771658639781,0.05,0.7770448548812663,,0.16326687610980528,hybrid_growth_tqqq_position_scaling,overheat_trim,"Keep baseline size unless the setup looks overbought or weakening, then trim in steps.",BOXX
hybrid_tqqq_scaling::overheat_trim::boxx,hybrid_tqqq_scaling::overheat_trim::boxx,5.0,Full Sample,2018-01-02,2026-04-02,3.3729652046625027,0.19592423272267312,-0.26523304122411107,9.773855690038205,0.19249391103224642,1.0283296384719827,0.48816229309868375,0.10333456359543833,0.021091460536908826,0.8515490649979268,0.6438106291880663,6.763046494172005,0.306016896344617,0.6439831036553829,0.05000000000000001,0.7854439091534756,-0.08955164780986946,0.15814954597995912,hybrid_growth_tqqq_position_scaling,overheat_trim,"Keep baseline size unless the setup looks overbought or weakening, then trim in steps.",BOXX
hybrid_tqqq_scaling::overheat_trim::boxx,hybrid_tqqq_scaling::overheat_trim::boxx,5.0,2018-2021,2018-01-02,2021-12-31,1.9829480553284742,0.3146921929811912,-0.26523304122411107,7.0685090995266435,0.21815407872310164,1.3627925044671894,0.5672932094520908,0.14586726793084623,0.15262272088627216,1.0037154336196703,0.7433608854031372,6.673208688755263,0.33666764035165797,0.6133323596483419,0.05,0.803834808259587,,,hybrid_growth_tqqq_position_scaling,overheat_trim,"Keep baseline size unless the setup looks overbought or weakening, then trim in steps.",BOXX
hybrid_tqqq_scaling::overheat_trim::boxx,hybrid_tqqq_scaling::overheat_trim::boxx,5.0,2022,2022-01-03,2022-12-30,-0.08955164780986946,-0.09055668905642911,-0.10309798477248766,10.151396535280641,0.056868635730845295,-1.6269272560731438,0.028551452319895948,-0.08270113437513035,0.7938394206260632,0.0,0.1443539600288292,0.5058864265927978,0.012113353479706927,0.937886646520293,0.05,0.42647058823529405,-0.08955164780986946,,hybrid_growth_tqqq_position_scaling,overheat_trim,"Keep baseline size unless the setup looks overbought or weakening, then trim in steps.",BOXX
hybrid_tqqq_scaling::overheat_trim::boxx,hybrid_tqqq_scaling::overheat_trim::boxx,5.0,2023+,2023-01-03,2026-04-02,0.6101821831314909,0.15814954597995912,-0.1670143441115478,7.04614342681323,0.18515121293336886,0.8885998457225874,0.70957438775091,-0.026342926887058724,-0.7837044818774985,0.8324420909890619,1.3386904842197742,8.81979710004401,0.358622834136022,0.5913771658639781,0.05,0.7770448548812663,,0.15814954597995912,hybrid_growth_tqqq_position_scaling,overheat_trim,"Keep baseline size unless the setup looks overbought or weakening, then trim in steps.",BOXX
hybrid_tqqq_scaling::overheat_trim::boxx,hybrid_tqqq_scaling::overheat_trim::boxx,10.0,Full Sample,2018-01-02,2026-04-02,3.252653115948183,0.1918851597873117,-0.26599961763936175,9.854410289172936,0.19251170938830678,1.0106346027716766,0.48818942874569193,0.09994110533698014,0.0038019648481806335,0.8455090842184796,0.6496112147912234,6.763046494172005,0.306016896344617,0.6439831036553829,0.05000000000000001,0.7854439091534756,-0.08977960600884938,0.15305419027616796,hybrid_growth_tqqq_position_scaling,overheat_trim,"Keep baseline size unless the setup looks overbought or weakening, then trim in steps.",BOXX
hybrid_tqqq_scaling::overheat_trim::boxx,hybrid_tqqq_scaling::overheat_trim::boxx,10.0,2018-2021,2018-01-02,2021-12-31,1.9434120715584955,0.31030814955610864,-0.26599961763936175,7.09990793233527,0.21818302917087365,1.3473399266567196,0.5673540153962054,0.1425189998003057,0.13586402511134676,0.9981255132223351,0.7503456046534537,6.673208688755263,0.33666764035165797,0.6133323596483419,0.05,0.803834808259587,,,hybrid_growth_tqqq_position_scaling,overheat_trim,"Keep baseline size unless the setup looks overbought or weakening, then trim in steps.",BOXX
hybrid_tqqq_scaling::overheat_trim::boxx,hybrid_tqqq_scaling::overheat_trim::boxx,10.0,2022,2022-01-03,2022-12-30,-0.08977960600884938,-0.09078707602930369,-0.10332255123752765,10.173393967489103,0.05687425047623862,-1.6311798173217709,0.028556160099544543,-0.08295051119525669,0.7930482250634171,0.0,0.14472142206817012,0.5058864265927978,0.012113353479706927,0.937886646520293,0.05,0.42647058823529405,-0.08977960600884938,,hybrid_growth_tqqq_position_scaling,overheat_trim,"Keep baseline size unless the setup looks overbought or weakening, then trim in steps.",BOXX
hybrid_tqqq_scaling::overheat_trim::boxx,hybrid_tqqq_scaling::overheat_trim::boxx,10.0,2023+,2023-01-03,2026-04-02,0.5873121139585358,0.15305419027616796,-0.16882107252595369,7.139616470287232,0.18516066270851678,0.8646625822567713,0.7096165539364163,-0.030778111658498232,-0.8168885965401927,0.8244504713083566,1.351872403722346,8.81979710004401,0.358622834136022,0.5913771658639781,0.05,0.7770448548812663,,0.15305419027616796,hybrid_growth_tqqq_position_scaling,overheat_trim,"Keep baseline size unless the setup looks overbought or weakening, then trim in steps.",BOXX
hybrid_tqqq_scaling::overheat_trim::qqq,hybrid_tqqq_scaling::overheat_trim::qqq,0.0,Full Sample,2018-01-02,2026-04-02,6.641118074983711,0.2796640519103022,-0.4145040927476522,15.968881773538397,0.3155300701081456,0.9420560910791974,1.2576091098445343,0.05350491756714982,0.9030295721598245,1.4709174929679292,1.3886601658960511,6.583965023541461,0.29519486818748947,0.6548051318125105,0.05000000000000001,0.7854439091534756,-0.35367699384535034,0.3367729402613333,hybrid_growth_tqqq_position_scaling,overheat_trim,"Keep baseline size unless the setup looks overbought or weakening, then trim in steps.",QQQ
hybrid_tqqq_scaling::overheat_trim::qqq,hybrid_tqqq_scaling::overheat_trim::qqq,0.0,2018-2021,2018-01-02,2021-12-31,3.6103274401372465,0.4660892322345924,-0.3911150537131589,9.246555346028039,0.3326854549233189,1.3171034962689705,1.2957225725040589,0.09230504413372183,1.3585717748712585,1.5734500671923852,1.4134874690622181,6.365453082679136,0.31570856981422024,0.6342914301857798,0.05,0.803834808259587,,,hybrid_growth_tqqq_position_scaling,overheat_trim,"Keep baseline size unless the setup looks overbought or weakening, then trim in steps.",QQQ
hybrid_tqqq_scaling::overheat_trim::qqq,hybrid_tqqq_scaling::overheat_trim::qqq,0.0,2022,2022-01-03,2022-12-30,-0.35367699384535034,-0.3569894978037502,-0.38030678585015365,27.920580599967966,0.313122006778992,-1.241359729497936,0.9689239357095939,-0.05544492358681314,-1.1586652841128378,0.9513806498497431,1.0421827292431167,0.5058864265927977,0.012106573705179284,0.9378934262948208,0.05,0.42647058823529405,-0.35367699384535034,,hybrid_growth_tqqq_position_scaling,overheat_trim,"Keep baseline size unless the setup looks overbought or weakening, then trim in steps.",QQQ
hybrid_tqqq_scaling::overheat_trim::qqq,hybrid_tqqq_scaling::overheat_trim::qqq,0.0,2023+,2023-01-03,2026-04-02,1.5643395120387131,0.3367729402613333,-0.3045841097391988,9.079764366371911,0.29256402932279124,1.1422874686797955,1.41850308314138,-0.04737062313513665,0.5670613791697541,1.446029631249991,1.9483205806335038,8.743528779137572,0.3570075684026002,0.5929924315973999,0.05,0.7770448548812663,,0.3367729402613333,hybrid_growth_tqqq_position_scaling,overheat_trim,"Keep baseline size unless the setup looks overbought or weakening, then trim in steps.",QQQ
hybrid_tqqq_scaling::overheat_trim::qqq,hybrid_tqqq_scaling::overheat_trim::qqq,5.0,Full Sample,2018-01-02,2026-04-02,6.4364344400927225,0.27545750841980166,-0.41534120423182674,16.042875763009697,0.3155393785194357,0.9315748302323063,1.2576314245799898,0.050202111173413125,0.8741211009143203,1.464889607356294,1.3941779516897868,6.583965023541461,0.29519486818748947,0.6548051318125105,0.05000000000000001,0.7854439091534756,-0.35383928781594765,0.33094438992260966,hybrid_growth_tqqq_position_scaling,overheat_trim,"Keep baseline size unless the setup looks overbought or weakening, then trim in steps.",QQQ
hybrid_tqqq_scaling::overheat_trim::qqq,hybrid_tqqq_scaling::overheat_trim::qqq,5.0,2018-2021,2018-01-02,2021-12-31,3.552035138841073,0.4614264687663838,-0.39151344876793914,9.26935161643718,0.3327032465399751,1.307479896078842,1.2957722015702773,0.08911342667982211,1.3331074831998042,1.5679529556794825,1.4199021428541265,6.365453082679136,0.31570856981422024,0.6342914301857798,0.05,0.803834808259587,,,hybrid_growth_tqqq_position_scaling,overheat_trim,"Keep baseline size unless the setup looks overbought or weakening, then trim in steps.",QQQ
hybrid_tqqq_scaling::overheat_trim::qqq,hybrid_tqqq_scaling::overheat_trim::qqq,5.0,2022,2022-01-03,2022-12-30,-0.35383928781594765,-0.35715286062216334,-0.3804623929867079,27.937526657745078,0.3131241587908872,-1.2421527842273794,0.9689287415631537,-0.055694266675355174,-1.1650232935184084,0.9513806498497431,1.0425309193420749,0.5058864265927977,0.012106573705179284,0.9378934262948208,0.05,0.42647058823529405,-0.35383928781594765,,hybrid_growth_tqqq_position_scaling,overheat_trim,"Keep baseline size unless the setup looks overbought or weakening, then trim in steps.",QQQ
hybrid_tqqq_scaling::overheat_trim::qqq,hybrid_tqqq_scaling::overheat_trim::qqq,5.0,2023+,2023-01-03,2026-04-02,1.528241752090897,0.33094438992260966,-0.30592060038997093,9.154724342842593,0.29257280989762335,1.1272634556801047,1.4185466159365765,-0.05176792077126991,0.5288860481734244,1.4379426329924039,1.9612649410305592,8.743528779137572,0.3570075684026002,0.5929924315973999,0.05,0.7770448548812663,,0.33094438992260966,hybrid_growth_tqqq_position_scaling,overheat_trim,"Keep baseline size unless the setup looks overbought or weakening, then trim in steps.",QQQ
hybrid_tqqq_scaling::overheat_trim::qqq,hybrid_tqqq_scaling::overheat_trim::qqq,10.0,Full Sample,2018-01-02,2026-04-02,6.237211820803569,0.271264326892225,-0.41617720506609235,16.117315222329594,0.315549709171179,0.9210912038267959,1.2576537393154448,0.04689930477967656,0.8451991990046309,1.458864286298888,1.3996937091293693,6.583965023541461,0.29519486818748947,0.6548051318125105,0.05000000000000001,0.7854439091534756,-0.3540015609989009,0.32514064102932316,hybrid_growth_tqqq_position_scaling,overheat_trim,"Keep baseline size unless the setup looks overbought or weakening, then trim in steps.",QQQ
hybrid_tqqq_scaling::overheat_trim::qqq,hybrid_tqqq_scaling::overheat_trim::qqq,10.0,2018-2021,2018-01-02,2021-12-31,3.49447316712436,0.4567779903508098,-0.3919116298469213,9.292246941362562,0.3327220314420737,1.2978534505617896,1.2958218306364957,0.08592180922592244,1.3076255251107758,1.5624580661652512,1.426314236674829,6.365453082679136,0.31570856981422024,0.6342914301857798,0.05,0.803834808259587,,,hybrid_growth_tqqq_position_scaling,overheat_trim,"Keep baseline size unless the setup looks overbought or weakening, then trim in steps.",QQQ
hybrid_tqqq_scaling::overheat_trim::qqq,hybrid_tqqq_scaling::overheat_trim::qqq,10.0,2022,2022-01-03,2022-12-30,-0.3540015609989009,-0.3573162020330658,-0.3806179801921098,27.95447178340572,0.31312640834965727,-1.2429454408466498,0.9689335474167133,-0.055943609763897235,-1.1713558236834978,0.9513806498497431,1.0428790648426343,0.5058864265927977,0.012106573705179284,0.9378934262948208,0.05,0.42647058823529405,-0.3540015609989009,,hybrid_growth_tqqq_position_scaling,overheat_trim,"Keep baseline size unless the setup looks overbought or weakening, then trim in steps.",QQQ
hybrid_tqqq_scaling::overheat_trim::qqq,hybrid_tqqq_scaling::overheat_trim::qqq,10.0,2023+,2023-01-03,2026-04-02,1.4926483991462933,0.32514064102932316,-0.3072546686834331,9.229942094479709,0.29258291094545813,1.112235324725569,1.4185901487317725,-0.05616521840740303,0.4907013111418024,1.4298592346511745,1.9742047872616364,8.743528779137572,0.3570075684026002,0.5929924315973999,0.05,0.7770448548812663,,0.32514064102932316,hybrid_growth_tqqq_position_scaling,overheat_trim,"Keep baseline size unless the setup looks overbought or weakening, then trim in steps.",QQQ
