strategy,display_name,cost_bps_one_way,period,Start,End,Total Return,CAGR,Max Drawdown,Sharpe,Beta vs QQQ,Alpha Ann vs QQQ,Information Ratio vs QQQ,Up Capture vs QQQ,Down Capture vs QQQ,Turnover/Year,Average TQQQ Weight,Average Idle Asset Weight,Average Cash Weight,2022 Return,2023+ CAGR,family,throttle,throttle_description,idle_asset
hybrid_tqqq_followup::baseline::cash,hybrid_tqqq_followup::baseline::cash,0.0,Full Sample,2018-01-02,2026-04-02,3.864953627885349,0.21148644166473662,-0.45376701841858935,0.8265844200795156,0.7815577475523527,0.08066882580829976,0.17727963090778706,1.1473810803073954,1.0635557606813186,1.2675437344466098,0.3950418800210779,0.6049581199789221,0.6049581199789221,-0.1615049100007211,0.2122848850176633,hybrid_growth_tqqq_attack_followup,baseline,"Current MA200 + ATR staged TQQQ logic, no extra throttle.",CASH
hybrid_tqqq_followup::baseline::cash,hybrid_tqqq_followup::baseline::cash,0.0,2018-2021,2018-01-02,2021-12-31,2.106955535298883,0.3281663807321038,-0.45376701841858935,1.0176317710319978,0.9671328504862722,0.082085275683285,0.30940054890555874,1.3397051955338386,1.3952426845101944,1.4794569807760352,0.43513858646664244,0.5648614135333575,0.5648614135333575,,,hybrid_growth_tqqq_attack_followup,baseline,"Current MA200 + ATR staged TQQQ logic, no extra throttle.",CASH
hybrid_tqqq_followup::baseline::cash,hybrid_tqqq_followup::baseline::cash,0.0,2022,2022-01-03,2022-12-30,-0.1615049100007211,-0.16324193540946053,-0.1735824461427301,-2.0223632137263814,0.050776770298325884,-0.15558938548802412,0.540881559035779,0.0,0.26051446687760116,0.5123799214934135,0.027606347320967776,0.9723936526790322,0.9723936526790322,-0.1615049100007211,,hybrid_growth_tqqq_attack_followup,baseline,"Current MA200 + ATR staged TQQQ logic, no extra throttle.",CASH
hybrid_tqqq_followup::baseline::cash,hybrid_tqqq_followup::baseline::cash,0.0,2023+,2023-01-03,2026-04-02,0.8674248907468398,0.2122848850176633,-0.20252494627034068,0.9117739945550845,1.0229826963537256,-0.05193791163757917,-0.3342766713897081,1.138975270271274,1.879636562043412,1.2441728620606167,0.4586110071506467,0.5413889928493533,0.5413889928493533,,0.2122848850176633,hybrid_growth_tqqq_attack_followup,baseline,"Current MA200 + ATR staged TQQQ logic, no extra throttle.",CASH
hybrid_tqqq_followup::baseline::cash,hybrid_tqqq_followup::baseline::cash,5.0,Full Sample,2018-01-02,2026-04-02,3.83936770857858,0.21071201227121783,-0.45450807554451045,0.8242661257910064,0.7815841755177776,0.08002868065446385,0.1743279308906257,1.1464717151357824,1.064964512617286,1.2675437344466098,0.3950418800210779,0.6049581199789221,0.6049581199789221,-0.16171926304894513,0.21153058719506745,hybrid_growth_tqqq_attack_followup,baseline,"Current MA200 + ATR staged TQQQ logic, no extra throttle.",CASH
hybrid_tqqq_followup::baseline::cash,hybrid_tqqq_followup::baseline::cash,5.0,2018-2021,2018-01-02,2021-12-31,2.09765441401849,0.327169884669696,-0.45450807554451045,1.0153282036614026,0.9671781984130543,0.08133445479825877,0.30624109115450027,1.3385464731647467,1.39682171816517,1.4794569807760352,0.43513858646664244,0.5648614135333575,0.5648614135333575,,,hybrid_growth_tqqq_attack_followup,baseline,"Current MA200 + ATR staged TQQQ logic, no extra throttle.",CASH
hybrid_tqqq_followup::baseline::cash,hybrid_tqqq_followup::baseline::cash,5.0,2022,2022-01-03,2022-12-30,-0.16171926304894513,-0.16345836239765144,-0.173793711687261,-2.0247083302514675,0.05079275718315594,-0.1558381047214478,0.5400735821937762,0.0,0.26086022769738937,0.5123799214934135,0.027606347320967776,0.9723936526790322,0.9723936526790322,-0.16171926304894513,,hybrid_growth_tqqq_attack_followup,baseline,"Current MA200 + ATR staged TQQQ logic, no extra throttle.",CASH
hybrid_tqqq_followup::baseline::cash,hybrid_tqqq_followup::baseline::cash,5.0,2023+,2023-01-03,2026-04-02,0.863657799264506,0.21153058719506745,-0.202524946270341,0.909215207694445,1.022989632598576,-0.05256383086354807,-0.33882892353275357,1.1382048491373713,1.8825972041900252,1.2441728620606167,0.4586110071506467,0.5413889928493533,0.5413889928493533,,0.21153058719506745,hybrid_growth_tqqq_attack_followup,baseline,"Current MA200 + ATR staged TQQQ logic, no extra throttle.",CASH
hybrid_tqqq_followup::baseline::cash,hybrid_tqqq_followup::baseline::cash,10.0,Full Sample,2018-01-02,2026-04-02,3.8139113750476614,0.2099379262444454,-0.455248330756692,0.8219469044623676,0.7816106034832023,0.07938853550062795,0.17137629229662782,1.1455624515588405,1.066372771032739,1.2675437344466098,0.3950418800210779,0.6049581199789221,0.6049581199789221,-0.16193359174012978,0.2107766339377546,hybrid_growth_tqqq_attack_followup,baseline,"Current MA200 + ATR staged TQQQ logic, no extra throttle.",CASH
hybrid_tqqq_followup::baseline::cash,hybrid_tqqq_followup::baseline::cash,10.0,2018-2021,2018-01-02,2021-12-31,2.0883790889911333,0.3261739160997692,-0.455248330756692,1.0130236553250918,0.9672235463398369,0.08058363391323244,0.3030816579360313,1.337387869156218,1.3983999614261473,1.4794569807760352,0.43513858646664244,0.5648614135333575,0.5648614135333575,,,hybrid_growth_tqqq_attack_followup,baseline,"Current MA200 + ATR staged TQQQ logic, no extra throttle.",CASH
hybrid_tqqq_followup::baseline::cash,hybrid_tqqq_followup::baseline::cash,10.0,2022,2022-01-03,2022-12-30,-0.16193359174012978,-0.163674764141724,-0.17400495322558696,-2.027042412515558,0.05080874406798597,-0.15608682395487153,0.5392654242999626,0.0,0.2612059492282103,0.5123799214934135,0.027606347320967776,0.9723936526790322,0.9723936526790322,-0.16193359174012978,,hybrid_growth_tqqq_attack_followup,baseline,"Current MA200 + ATR staged TQQQ logic, no extra throttle.",CASH
hybrid_tqqq_followup::baseline::cash,hybrid_tqqq_followup::baseline::cash,10.0,2023+,2023-01-03,2026-04-02,0.8598976851988573,0.2107766339377546,-0.20252494627034068,0.9066549427056952,1.0229965688434266,-0.053189750089517124,-0.3433791323839692,1.1374345292133397,1.885557082932777,1.2441728620606167,0.4586110071506467,0.5413889928493533,0.5413889928493533,,0.2107766339377546,hybrid_growth_tqqq_attack_followup,baseline,"Current MA200 + ATR staged TQQQ logic, no extra throttle.",CASH
hybrid_tqqq_followup::baseline::boxx,hybrid_tqqq_followup::baseline::boxx,0.0,Full Sample,2018-01-02,2026-04-02,4.241857546508401,0.22249849042580805,-0.45376701841858935,0.85900388849641,0.7815971757411474,0.08971907649179979,0.21925408134080984,1.1634554218904438,1.0477226729074718,1.2726292618630546,0.39491614657904006,0.5550838534209599,0.05000000000000001,-0.1609475066439653,0.24023596705726447,hybrid_growth_tqqq_attack_followup,baseline,"Current MA200 + ATR staged TQQQ logic, no extra throttle.",BOXX
hybrid_tqqq_followup::baseline::boxx,hybrid_tqqq_followup::baseline::boxx,0.0,2018-2021,2018-01-02,2021-12-31,2.106955535298883,0.3281663807321038,-0.45376701841858935,1.0176317710319978,0.9671328504862722,0.082085275683285,0.30940054890555874,1.3397051955338386,1.3952426845101944,1.4919741158000244,0.43513858646664244,0.5148614135333576,0.05,,,hybrid_growth_tqqq_attack_followup,baseline,"Current MA200 + ATR staged TQQQ logic, no extra throttle.",BOXX
hybrid_tqqq_followup::baseline::boxx,hybrid_tqqq_followup::baseline::boxx,0.0,2022,2022-01-03,2022-12-30,-0.1609475066439653,-0.16267913593344063,-0.1735824461427301,-2.014398157427906,0.050816425131225175,-0.15490840642091103,0.5430127078288111,0.0,0.2594421696790773,0.5123799214934135,0.027606347320967776,0.9223936526790323,0.05,-0.1609475066439653,,hybrid_growth_tqqq_attack_followup,baseline,"Current MA200 + ATR staged TQQQ logic, no extra throttle.",BOXX
hybrid_tqqq_followup::baseline::boxx,hybrid_tqqq_followup::baseline::boxx,0.0,2023+,2023-01-03,2026-04-02,1.0107637355746082,0.24023596705726447,-0.20112252329052693,1.0057331810227248,1.0229342202720788,-0.029080005221517068,-0.16771058719442872,1.1805460110589923,1.810321039511985,1.2416877216203905,0.4582910425386388,0.4917089574613613,0.05,,0.24023596705726447,hybrid_growth_tqqq_attack_followup,baseline,"Current MA200 + ATR staged TQQQ logic, no extra throttle.",BOXX
hybrid_tqqq_followup::baseline::boxx,hybrid_tqqq_followup::baseline::boxx,5.0,Full Sample,2018-01-02,2026-04-02,4.214181488805429,0.22171395557787577,-0.4545080755445108,0.8566738865103458,0.7816232176421879,0.08907645837898656,0.21628584259521003,1.162538687229806,1.0491324316288908,1.2726292618630546,0.39491614657904006,0.5550838534209599,0.05000000000000001,-0.16116200218689214,0.2394659221932549,hybrid_growth_tqqq_attack_followup,baseline,"Current MA200 + ATR staged TQQQ logic, no extra throttle.",BOXX
hybrid_tqqq_followup::baseline::boxx,hybrid_tqqq_followup::baseline::boxx,5.0,2018-2021,2018-01-02,2021-12-31,2.097576972658132,0.3271615784095361,-0.4545080755445108,1.0153094354252301,0.9671772900106957,0.08132844728422323,0.3062143762940255,1.3385313171536564,1.39682171816517,1.4919741158000244,0.43513858646664244,0.5148614135333576,0.05,,,hybrid_growth_tqqq_attack_followup,baseline,"Current MA200 + ATR staged TQQQ logic, no extra throttle.",BOXX
hybrid_tqqq_followup::baseline::boxx,hybrid_tqqq_followup::baseline::boxx,5.0,2022,2022-01-03,2022-12-30,-0.16116200218689214,-0.16289570848938983,-0.173793711687261,-2.016745407301989,0.05083241201605523,-0.15515712565433468,0.542204685874988,0.0,0.2597879304988655,0.5123799214934135,0.027606347320967776,0.9223936526790323,0.05,-0.16116200218689214,,hybrid_growth_tqqq_attack_followup,baseline,"Current MA200 + ATR staged TQQQ logic, no extra throttle.",BOXX
hybrid_tqqq_followup::baseline::boxx,hybrid_tqqq_followup::baseline::boxx,5.0,2023+,2023-01-03,2026-04-02,1.0067161293302096,0.2394659221932549,-0.20112252329052704,1.0031772612725123,1.0229414800212788,-0.02970476496766528,-0.1722664675702314,1.1797772150820038,1.8132862079662166,1.2416877216203905,0.4582910425386388,0.4917089574613613,0.05,,0.2394659221932549,hybrid_growth_tqqq_attack_followup,baseline,"Current MA200 + ATR staged TQQQ logic, no extra throttle.",BOXX
hybrid_tqqq_followup::baseline::boxx,hybrid_tqqq_followup::baseline::boxx,10.0,Full Sample,2018-01-02,2026-04-02,4.186646196881026,0.22092977123305646,-0.4552483307566918,0.8543429098286415,0.7816492595432278,0.08843384026617347,0.21331756270500876,1.1616220539601687,1.0505416965036591,1.2726292618630546,0.39491614657904006,0.5550838534209599,0.05000000000000001,-0.16137647335658778,0.2386962282570264,hybrid_growth_tqqq_attack_followup,baseline,"Current MA200 + ATR staged TQQQ logic, no extra throttle.",BOXX
hybrid_tqqq_followup::baseline::boxx,hybrid_tqqq_followup::baseline::boxx,10.0,2018-2021,2018-01-02,2021-12-31,2.088224670036674,0.3261573158906803,-0.4552483307566918,1.0129861216717528,0.9672217295351191,0.08057161888516148,0.3030282422114662,1.3373575571340368,1.3983999614261473,1.4919741158000244,0.43513858646664244,0.5148614135333576,0.05,,,hybrid_growth_tqqq_attack_followup,baseline,"Current MA200 + ATR staged TQQQ logic, no extra throttle.",BOXX
hybrid_tqqq_followup::baseline::boxx,hybrid_tqqq_followup::baseline::boxx,10.0,2022,2022-01-03,2022-12-30,-0.16137647335658778,-0.16311225578424127,-0.17400495322558696,-2.0190816607112607,0.05084839890088527,-0.15540584488775847,0.5413964821132139,0.0,0.2601336520296864,0.5123799214934135,0.027606347320967776,0.9223936526790323,0.05,-0.16137647335658778,,hybrid_growth_tqqq_attack_followup,baseline,"Current MA200 + ATR staged TQQQ logic, no extra throttle.",BOXX
hybrid_tqqq_followup::baseline::boxx,hybrid_tqqq_followup::baseline::boxx,10.0,2023+,2023-01-03,2026-04-02,1.0026760036799964,0.2386962282570264,-0.20112252329052693,1.0006197054369317,1.0229487397704793,-0.03032952471381362,-0.17682122438568088,1.1790085197881612,1.816250611550341,1.2416877216203905,0.4582910425386388,0.4917089574613613,0.05,,0.2386962282570264,hybrid_growth_tqqq_attack_followup,baseline,"Current MA200 + ATR staged TQQQ logic, no extra throttle.",BOXX
hybrid_tqqq_followup::baseline::qqq,hybrid_tqqq_followup::baseline::qqq,0.0,Full Sample,2018-01-02,2026-04-02,6.90742291303007,0.28499120911976106,-0.49936213570489874,0.8689299350010367,1.4396508564664416,0.040650760563404234,0.7503313176435361,1.6610819079205674,1.6624483273691884,1.2426021610492208,0.3786503610917339,0.5713496389082661,0.05000000000000001,-0.3875967515463894,0.38729580848839285,hybrid_growth_tqqq_attack_followup,baseline,"Current MA200 + ATR staged TQQQ logic, no extra throttle.",QQQ
hybrid_tqqq_followup::baseline::qqq,hybrid_tqqq_followup::baseline::qqq,0.0,2018-2021,2018-01-02,2021-12-31,3.464273495293325,0.4543213110723172,-0.49936213570489874,1.135042683344891,1.5372294790830927,0.04597340374397964,0.9706877610531691,1.7696676699527718,1.852485467089789,1.5125477559954965,0.40351837510055805,0.546481624899442,0.05,,,hybrid_growth_tqqq_attack_followup,baseline,"Current MA200 + ATR staged TQQQ logic, no extra throttle.",QQQ
hybrid_tqqq_followup::baseline::qqq,hybrid_tqqq_followup::baseline::qqq,0.0,2022,2022-01-03,2022-12-30,-0.3875967515463894,-0.391121962273268,-0.4128289360544629,-1.3755276251987911,0.9831469444678318,-0.10228701861822723,-1.7499627884351496,0.9513806559118678,1.114955328967509,0.5058864265927977,0.027191235059760958,0.922808764940239,0.05,-0.3875967515463894,,hybrid_growth_tqqq_attack_followup,baseline,"Current MA200 + ATR staged TQQQ logic, no extra throttle.",QQQ
hybrid_tqqq_followup::baseline::qqq,hybrid_tqqq_followup::baseline::qqq,0.0,2023+,2023-01-03,2026-04-02,1.8923223138462015,0.38729580848839285,-0.3207186081635566,1.1489982252712874,1.6248580708194817,-0.05230070983447603,0.7551286586194976,1.6700408189917648,2.2821760836422347,1.1420131080867713,0.45613414331643376,0.49386585668356636,0.05,,0.38729580848839285,hybrid_growth_tqqq_attack_followup,baseline,"Current MA200 + ATR staged TQQQ logic, no extra throttle.",QQQ
hybrid_tqqq_followup::baseline::qqq,hybrid_tqqq_followup::baseline::qqq,5.0,Full Sample,2018-01-02,2026-04-02,6.866659629662785,0.2841860989064324,-0.4998269020621747,0.8672078111727172,1.439676373836195,0.04002328730190734,0.7465345099551489,1.6601550196418426,1.663822269550343,1.2426021610492208,0.3786503610917339,0.5713496389082661,0.05000000000000001,-0.38775217486285474,0.3865033212434974,hybrid_growth_tqqq_attack_followup,baseline,"Current MA200 + ATR staged TQQQ logic, no extra throttle.",QQQ
hybrid_tqqq_followup::baseline::qqq,hybrid_tqqq_followup::baseline::qqq,5.0,2018-2021,2018-01-02,2021-12-31,3.450630490813416,0.45320739463332105,-0.4998269020621747,1.13310509412633,1.5372711921313038,0.04520703040338194,0.9666660508336328,1.7684156761609076,1.8540824630214523,1.5125477559954965,0.40351837510055805,0.546481624899442,0.05,,,hybrid_growth_tqqq_attack_followup,baseline,"Current MA200 + ATR staged TQQQ logic, no extra throttle.",QQQ
hybrid_tqqq_followup::baseline::qqq,hybrid_tqqq_followup::baseline::qqq,5.0,2022,2022-01-03,2022-12-30,-0.38775217486285474,-0.3912783099273449,-0.4129779556331823,-1.376269812068425,0.9831636726507397,-0.10253226113580564,-1.7537162377036373,0.9513806559118678,1.1152887787301657,0.5058864265927977,0.027191235059760958,0.922808764940239,0.05,-0.38775217486285474,,hybrid_growth_tqqq_attack_followup,baseline,"Current MA200 + ATR staged TQQQ logic, no extra throttle.",QQQ
hybrid_tqqq_followup::baseline::qqq,hybrid_tqqq_followup::baseline::qqq,5.0,2023+,2023-01-03,2026-04-02,1.8869653391157302,0.3865033212434974,-0.32111996059789283,1.1472778173071922,1.624867668110731,-0.05287610346492358,0.7513739398647076,1.6693523702976065,2.284970142175071,1.1420131080867713,0.45613414331643376,0.49386585668356636,0.05,,0.3865033212434974,hybrid_growth_tqqq_attack_followup,baseline,"Current MA200 + ATR staged TQQQ logic, no extra throttle.",QQQ
hybrid_tqqq_followup::baseline::qqq,hybrid_tqqq_followup::baseline::qqq,10.0,Full Sample,2018-01-02,2026-04-02,6.826099020410522,0.2833813447201059,-0.5002913330153733,0.8654851005910786,1.439701891205949,0.03939581404041042,0.7427356649824411,1.6592282243136047,1.6651957503678487,1.2426021610492208,0.3786503610917339,0.5713496389082661,0.05000000000000001,-0.3879075811360677,0.3857111539677638,hybrid_growth_tqqq_attack_followup,baseline,"Current MA200 + ATR staged TQQQ logic, no extra throttle.",QQQ
hybrid_tqqq_followup::baseline::qqq,hybrid_tqqq_followup::baseline::qqq,10.0,2018-2021,2018-01-02,2021-12-31,3.4370264898963683,0.4520941109916876,-0.5002913330153733,1.1311667135887884,1.5373129051795151,0.0444406570627842,0.9626420188527944,1.7671638127755038,1.8556787076429673,1.5125477559954965,0.40351837510055805,0.546481624899442,0.05,,,hybrid_growth_tqqq_attack_followup,baseline,"Current MA200 + ATR staged TQQQ logic, no extra throttle.",QQQ
hybrid_tqqq_followup::baseline::qqq,hybrid_tqqq_followup::baseline::qqq,10.0,2022,2022-01-03,2022-12-30,-0.3879075811360677,-0.39143463996962335,-0.4131269588708635,-1.3770114885179843,0.9831804008336477,-0.10277750365338398,-1.7574465836564412,0.9513806559118678,1.1156221919277272,0.5058864265927977,0.027191235059760958,0.922808764940239,0.05,-0.3879075811360677,,hybrid_growth_tqqq_attack_followup,baseline,"Current MA200 + ATR staged TQQQ logic, no extra throttle.",QQQ
hybrid_tqqq_followup::baseline::qqq,hybrid_tqqq_followup::baseline::qqq,10.0,2023+,2023-01-03,2026-04-02,1.8816173907008018,0.3857111539677638,-0.3215211390262849,1.1455564757078178,1.6248772654019796,-0.053451497095371,0.7476164103458666,1.6686639840187714,2.2877635085492454,1.1420131080867713,0.45613414331643376,0.49386585668356636,0.05,,0.3857111539677638,hybrid_growth_tqqq_attack_followup,baseline,"Current MA200 + ATR staged TQQQ logic, no extra throttle.",QQQ
hybrid_tqqq_followup::ma60_half::cash,hybrid_tqqq_followup::ma60_half::cash,0.0,Full Sample,2018-01-02,2026-04-02,2.9674572108131354,0.18189406668134556,-0.352043836749138,0.7927976737154556,0.6703174971213475,0.06952157906310866,0.026859407906467656,1.0450401674540344,1.0141318913584065,3.964539007896527,0.37197164385726905,0.6280283561427309,0.6280283561427309,-0.11756452831484454,0.19827037756744703,hybrid_growth_tqqq_attack_followup,ma60_half,"If QQQ closes below MA60, cut the computed TQQQ target ratio by 50% and send the rest to the idle asset.",CASH
hybrid_tqqq_followup::ma60_half::cash,hybrid_tqqq_followup::ma60_half::cash,0.0,2018-2021,2018-01-02,2021-12-31,1.5001709423142588,0.25784987300241147,-0.352043836749138,0.9184942172568866,0.8282344945092385,0.05328689968153209,0.03321246752775352,1.2171288677319339,1.4529723611307221,4.934052430090124,0.4191893819862136,0.5808106180137864,0.5808106180137864,,,hybrid_growth_tqqq_attack_followup,ma60_half,"If QQQ closes below MA60, cut the computed TQQQ target ratio by 50% and send the rest to the idle asset.",CASH
hybrid_tqqq_followup::ma60_half::cash,hybrid_tqqq_followup::ma60_half::cash,0.0,2022,2022-01-03,2022-12-30,-0.11756452831484454,-0.11886289330548838,-0.1312023896781671,-1.8184051759715867,0.037129131367456845,-0.11042089582075318,0.6984323532177448,0.0,0.18963671393966675,0.5503525005233149,0.017447319584787117,0.9825526804152128,0.9825526804152128,-0.11756452831484454,,hybrid_growth_tqqq_attack_followup,ma60_half,"If QQQ closes below MA60, cut the computed TQQQ target ratio by 50% and send the rest to the idle asset.",CASH
hybrid_tqqq_followup::ma60_half::cash,hybrid_tqqq_followup::ma60_half::cash,0.0,2023+,2023-01-03,2026-04-02,0.7982894269915983,0.19827037756744703,-0.18341364679799643,0.9301147242073575,0.8853440170442837,-0.03202818474288276,-0.45917012421045994,1.0415888660794628,1.6795341663283023,3.8343727794041618,0.4227570737448972,0.5772429262551028,0.5772429262551028,,0.19827037756744703,hybrid_growth_tqqq_attack_followup,ma60_half,"If QQQ closes below MA60, cut the computed TQQQ target ratio by 50% and send the rest to the idle asset.",CASH
hybrid_tqqq_followup::ma60_half::cash,hybrid_tqqq_followup::ma60_half::cash,5.0,Full Sample,2018-01-02,2026-04-02,2.90310578885242,0.17955266840126627,-0.35272014897806425,0.7848856758060024,0.6703142661293966,0.06753602240699268,0.01737401804152531,1.0423914605948816,1.018843559860872,3.964539007896527,0.37197164385726905,0.6280283561427309,0.6280283561427309,-0.11780526234174549,0.19597051230591078,hybrid_growth_tqqq_attack_followup,ma60_half,"If QQQ closes below MA60, cut the computed TQQQ target ratio by 50% and send the rest to the idle asset.",CASH
hybrid_tqqq_followup::ma60_half::cash,hybrid_tqqq_followup::ma60_half::cash,5.0,2018-2021,2018-01-02,2021-12-31,1.4756725387183893,0.2547529305433116,-0.35272014897806425,0.9102549964038518,0.8281861891311088,0.05083614512149469,0.02220835397250668,1.214023606148514,1.4598335183326823,4.934052430090124,0.4191893819862136,0.5808106180137864,0.5808106180137864,,,hybrid_growth_tqqq_attack_followup,ma60_half,"If QQQ closes below MA60, cut the computed TQQQ target ratio by 50% and send the rest to the idle asset.",CASH
hybrid_tqqq_followup::ma60_half::cash,hybrid_tqqq_followup::ma60_half::cash,5.0,2022,2022-01-03,2022-12-30,-0.11780526234174549,-0.11910610269592559,-0.13143940320947411,-1.8221448186817888,0.03713689629065071,-0.11069128304918369,0.6975688857966911,0.0,0.19002502842915886,0.5503525005233149,0.017447319584787117,0.9825526804152128,0.9825526804152128,-0.11780526234174549,,hybrid_growth_tqqq_attack_followup,ma60_half,"If QQQ closes below MA60, cut the computed TQQQ target ratio by 50% and send the rest to the idle asset.",CASH
hybrid_tqqq_followup::ma60_half::cash,hybrid_tqqq_followup::ma60_half::cash,5.0,2023+,2023-01-03,2026-04-02,0.7871156594153967,0.19597051230591078,-0.18413954712157354,0.9213420020425895,0.8854486384247848,-0.03397957529231673,-0.4731940972883959,1.0389767297348245,1.6880010428223666,3.8343727794041618,0.4227570737448972,0.5772429262551028,0.5772429262551028,,0.19597051230591078,hybrid_growth_tqqq_attack_followup,ma60_half,"If QQQ closes below MA60, cut the computed TQQQ target ratio by 50% and send the rest to the idle asset.",CASH
hybrid_tqqq_followup::ma60_half::cash,hybrid_tqqq_followup::ma60_half::cash,10.0,Full Sample,2018-01-02,2026-04-02,2.8397880211116378,0.17721553254836686,-0.3533959167878009,0.7769702930012565,0.6703110351374454,0.06555046575087671,0.007889233111722658,1.0397438255852198,1.0235529949188933,3.964539007896527,0.37197164385726905,0.6280283561427309,0.6280283561427309,-0.1180459556751765,0.1936747528612992,hybrid_growth_tqqq_attack_followup,ma60_half,"If QQQ closes below MA60, cut the computed TQQQ target ratio by 50% and send the rest to the idle asset.",CASH
hybrid_tqqq_followup::ma60_half::cash,hybrid_tqqq_followup::ma60_half::cash,10.0,2018-2021,2018-01-02,2021-12-31,1.4514098544465628,0.2516630591923037,-0.3533959167878009,0.9020114213624296,0.8281378837529788,0.04838539056145731,0.011205061170945094,1.2109198590863866,1.466690120954303,4.934052430090124,0.4191893819862136,0.5808106180137864,0.5808106180137864,,,hybrid_growth_tqqq_attack_followup,ma60_half,"If QQQ closes below MA60, cut the computed TQQQ target ratio by 50% and send the rest to the idle asset.",CASH
hybrid_tqqq_followup::ma60_half::cash,hybrid_tqqq_followup::ma60_half::cash,10.0,2022,2022-01-03,2022-12-30,-0.1180459556751765,-0.11934927019332786,-0.13167637667622056,-1.825872195481466,0.03714466121384458,-0.11096167027761421,0.6967052221784571,0.0,0.19041327727830837,0.5503525005233149,0.017447319584787117,0.9825526804152128,0.9825526804152128,-0.1180459556751765,,hybrid_growth_tqqq_attack_followup,ma60_half,"If QQQ closes below MA60, cut the computed TQQQ target ratio by 50% and send the rest to the idle asset.",CASH
hybrid_tqqq_followup::ma60_half::cash,hybrid_tqqq_followup::ma60_half::cash,10.0,2023+,2023-01-03,2026-04-02,0.7760098321416897,0.1936747528612992,-0.18486489430163922,0.9125665658220913,0.8855532598052859,-0.03593096584175068,-0.4872104182591144,1.0363652984530205,1.6964659847367338,3.8343727794041618,0.4227570737448972,0.5772429262551028,0.5772429262551028,,0.1936747528612992,hybrid_growth_tqqq_attack_followup,ma60_half,"If QQQ closes below MA60, cut the computed TQQQ target ratio by 50% and send the rest to the idle asset.",CASH
hybrid_tqqq_followup::ma60_half::boxx,hybrid_tqqq_followup::ma60_half::boxx,0.0,Full Sample,2018-01-02,2026-04-02,3.2733398211198805,0.19258673568580864,-0.352043836749138,0.8291964487997141,0.6698511584031975,0.07858735396487428,0.06976545439101359,1.0590919661044484,0.9951483489320743,3.9649496121224264,0.37146202243396564,0.5785379775660342,0.05000000000000001,-0.1169779148690363,0.2257666758213892,hybrid_growth_tqqq_attack_followup,ma60_half,"If QQQ closes below MA60, cut the computed TQQQ target ratio by 50% and send the rest to the idle asset.",BOXX
hybrid_tqqq_followup::ma60_half::boxx,hybrid_tqqq_followup::ma60_half::boxx,0.0,2018-2021,2018-01-02,2021-12-31,1.5001709423142588,0.25784987300241147,-0.352043836749138,0.9184942172568866,0.8282344945092385,0.05328689968153209,0.03321246752775352,1.2171288677319339,1.4529723611307221,4.946569565114114,0.4191893819862136,0.5308106180137865,0.05,,,hybrid_growth_tqqq_attack_followup,ma60_half,"If QQQ closes below MA60, cut the computed TQQQ target ratio by 50% and send the rest to the idle asset.",BOXX
hybrid_tqqq_followup::ma60_half::boxx,hybrid_tqqq_followup::ma60_half::boxx,0.0,2022,2022-01-03,2022-12-30,-0.1169779148690363,-0.11827024469780267,-0.1312023896781671,-1.8083685325474794,0.03716878620035614,-0.10973991675364009,0.7005690795049123,0.0,0.1885644167411429,0.5503525005233149,0.017447319584787117,0.9325526804152128,0.05,-0.1169779148690363,,hybrid_growth_tqqq_attack_followup,ma60_half,"If QQQ closes below MA60, cut the computed TQQQ target ratio by 50% and send the rest to the idle asset.",BOXX
hybrid_tqqq_followup::ma60_half::boxx,hybrid_tqqq_followup::ma60_half::boxx,0.0,2023+,2023-01-03,2026-04-02,0.9356470082511681,0.2257666758213892,-0.17947042248958178,1.0352291712130635,0.8834334307903964,-0.00887933551660602,-0.29488928198174785,1.0779289971062664,1.5960548248158948,3.8200050493859403,0.4214601966505031,0.5285398033494969,0.05,,0.2257666758213892,hybrid_growth_tqqq_attack_followup,ma60_half,"If QQQ closes below MA60, cut the computed TQQQ target ratio by 50% and send the rest to the idle asset.",BOXX
hybrid_tqqq_followup::ma60_half::boxx,hybrid_tqqq_followup::ma60_half::boxx,5.0,Full Sample,2018-01-02,2026-04-02,3.204024813933212,0.19022407821140574,-0.35272014897806414,0.8212768680822382,0.6698467569188401,0.07660181845894315,0.06027145517751494,1.0564362625779724,0.9998547501695847,3.9649496121224264,0.37146202243396564,0.5785379775660342,0.05000000000000001,-0.1172188089278281,0.2234232640968059,hybrid_growth_tqqq_attack_followup,ma60_half,"If QQQ closes below MA60, cut the computed TQQQ target ratio by 50% and send the rest to the idle asset.",BOXX
hybrid_tqqq_followup::ma60_half::boxx,hybrid_tqqq_followup::ma60_half::boxx,5.0,2018-2021,2018-01-02,2021-12-31,1.475610646904919,0.2547450775137956,-0.35272014897806414,0.9102340040665352,0.82818528072875,0.05083013760745919,0.022180414319813345,1.2140084501374235,1.4598335183326823,4.946569565114114,0.4191893819862136,0.5308106180137865,0.05,,,hybrid_growth_tqqq_attack_followup,ma60_half,"If QQQ closes below MA60, cut the computed TQQQ target ratio by 50% and send the rest to the idle asset.",BOXX
hybrid_tqqq_followup::ma60_half::boxx,hybrid_tqqq_followup::ma60_half::boxx,5.0,2022,2022-01-03,2022-12-30,-0.1172188089278281,-0.1185136176697138,-0.13143940320947411,-1.8121091368760913,0.03717655112355002,-0.1100103039820706,0.6997055772534826,0.0,0.188952731230635,0.5503525005233149,0.017447319584787117,0.9325526804152128,0.05,-0.1172188089278281,,hybrid_growth_tqqq_attack_followup,ma60_half,"If QQQ closes below MA60, cut the computed TQQQ target ratio by 50% and send the rest to the idle asset.",BOXX
hybrid_tqqq_followup::ma60_half::boxx,hybrid_tqqq_followup::ma60_half::boxx,5.0,2023+,2023-01-03,2026-04-02,0.9236668351796784,0.2234232640968059,-0.18019979222539684,1.0264567174913755,0.8835354400071317,-0.010822816840539737,-0.30891906216676623,1.075319450093294,1.60449802073189,3.8200050493859403,0.4214601966505031,0.5285398033494969,0.05,,0.2234232640968059,hybrid_growth_tqqq_attack_followup,ma60_half,"If QQQ closes below MA60, cut the computed TQQQ target ratio by 50% and send the rest to the idle asset.",BOXX
hybrid_tqqq_followup::ma60_half::boxx,hybrid_tqqq_followup::ma60_half::boxx,10.0,Full Sample,2018-01-02,2026-04-02,3.1358232381412705,0.1878657224609257,-0.353395916787801,0.8133537093418998,0.6698423554344831,0.074616282953012,0.050777764917010644,1.053781630791908,1.0045589234305796,3.9649496121224264,0.37146202243396564,0.5785379775660342,0.05000000000000001,-0.11745966226609827,0.2210840184091869,hybrid_growth_tqqq_attack_followup,ma60_half,"If QQQ closes below MA60, cut the computed TQQQ target ratio by 50% and send the rest to the idle asset.",BOXX
hybrid_tqqq_followup::ma60_half::boxx,hybrid_tqqq_followup::ma60_half::boxx,10.0,2018-2021,2018-01-02,2021-12-31,1.4512872839538358,0.25164739166315164,-0.353395916787801,0.9019694374298076,0.8281360669482613,0.048373375533386304,0.011149211453299992,1.2108895470642054,1.466690120954303,4.946569565114114,0.4191893819862136,0.5308106180137865,0.05,,,hybrid_growth_tqqq_attack_followup,ma60_half,"If QQQ closes below MA60, cut the computed TQQQ target ratio by 50% and send the rest to the idle asset.",BOXX
hybrid_tqqq_followup::ma60_half::boxx,hybrid_tqqq_followup::ma60_half::boxx,10.0,2022,2022-01-03,2022-12-30,-0.11745966226609827,-0.11875694872041287,-0.13167637667622056,-1.8158375372595947,0.03718431604674389,-0.11028069121050112,0.6988418782049339,0.0,0.1893409800797845,0.5503525005233149,0.017447319584787117,0.9325526804152128,0.05,-0.11745966226609827,,hybrid_growth_tqqq_attack_followup,ma60_half,"If QQQ closes below MA60, cut the computed TQQQ target ratio by 50% and send the rest to the idle asset.",BOXX
hybrid_tqqq_followup::ma60_half::boxx,hybrid_tqqq_followup::ma60_half::boxx,10.0,2023+,2023-01-03,2026-04-02,0.9117592148550822,0.2210840184091869,-0.18092860620123086,1.0176809622857663,0.8836374492238668,-0.012766298164473406,-0.3229434279203597,1.0727106078610606,1.6129393066509141,3.8200050493859403,0.4214601966505031,0.5285398033494969,0.05,,0.2210840184091869,hybrid_growth_tqqq_attack_followup,ma60_half,"If QQQ closes below MA60, cut the computed TQQQ target ratio by 50% and send the rest to the idle asset.",BOXX
hybrid_tqqq_followup::ma60_half::qqq,hybrid_tqqq_followup::ma60_half::qqq,0.0,Full Sample,2018-01-02,2026-04-02,6.027169526015657,0.26673210663069447,-0.4361744470553305,0.8598085269284516,1.360224821499782,0.0336146208189781,0.7075660965456323,1.578750623778917,1.6052549872508617,3.73449936933351,0.34735913204300173,0.6026408679569982,0.05000000000000001,-0.3616180446096079,0.3758701584439377,hybrid_growth_tqqq_attack_followup,ma60_half,"If QQQ closes below MA60, cut the computed TQQQ target ratio by 50% and send the rest to the idle asset.",QQQ
hybrid_tqqq_followup::ma60_half::qqq,hybrid_tqqq_followup::ma60_half::qqq,0.0,2018-2021,2018-01-02,2021-12-31,2.909359712379485,0.40679016398609513,-0.4361744470553305,1.0987774105390467,1.4408373494917333,0.027793178310877045,0.8572559341194503,1.675398130754633,1.8565940801245513,4.57032089317141,0.3764844004391707,0.5735155995608293,0.05000000000000001,,,hybrid_growth_tqqq_attack_followup,ma60_half,"If QQQ closes below MA60, cut the computed TQQQ target ratio by 50% and send the rest to the idle asset.",QQQ
hybrid_tqqq_followup::ma60_half::qqq,hybrid_tqqq_followup::ma60_half::qqq,0.0,2022,2022-01-03,2022-12-30,-0.3616180446096079,-0.3649822786893806,-0.3879206015044464,-1.2737390264535369,0.9722061280871663,-0.0662546201841072,-1.3737151186505023,0.9513806559118678,1.0592198456485236,0.5058864265927977,0.015587649402390439,0.9344123505976095,0.05,-0.3616180446096079,,hybrid_growth_tqqq_attack_followup,ma60_half,"If QQQ closes below MA60, cut the computed TQQQ target ratio by 50% and send the rest to the idle asset.",QQQ
hybrid_tqqq_followup::ma60_half::qqq,hybrid_tqqq_followup::ma60_half::qqq,0.0,2023+,2023-01-03,2026-04-02,1.8157506627463813,0.3758701584439377,-0.2931657282460369,1.176557507356088,1.522407105350021,-0.03976864984474203,0.7468580289866961,1.5857714150777078,2.114873467186429,3.7110454998273794,0.4135141892202473,0.5364858107797528,0.05,,0.3758701584439377,hybrid_growth_tqqq_attack_followup,ma60_half,"If QQQ closes below MA60, cut the computed TQQQ target ratio by 50% and send the rest to the idle asset.",QQQ
hybrid_tqqq_followup::ma60_half::qqq,hybrid_tqqq_followup::ma60_half::qqq,5.0,Full Sample,2018-01-02,2026-04-02,5.919771207477247,0.26436851930191496,-0.4365198004875672,0.8543892319317944,1.3602246183360966,0.03174372421737735,0.6947329276112807,1.5761757971768309,1.609692576330637,3.73449936933351,0.34735913204300173,0.6026408679569982,0.05000000000000001,-0.36177867033319777,0.37331214938527135,hybrid_growth_tqqq_attack_followup,ma60_half,"If QQQ closes below MA60, cut the computed TQQQ target ratio by 50% and send the rest to the idle asset.",QQQ
hybrid_tqqq_followup::ma60_half::qqq,hybrid_tqqq_followup::ma60_half::qqq,5.0,2018-2021,2018-01-02,2021-12-31,2.8738988487677375,0.4035847077402166,-0.4365198004875672,1.0927181425940793,1.4407942371639195,0.025522654342706882,0.8438110441716412,1.6723891423088795,1.8629240338097697,4.57032089317141,0.3764844004391707,0.5735155995608293,0.05000000000000001,,,hybrid_growth_tqqq_attack_followup,ma60_half,"If QQQ closes below MA60, cut the computed TQQQ target ratio by 50% and send the rest to the idle asset.",QQQ
hybrid_tqqq_followup::ma60_half::qqq,hybrid_tqqq_followup::ma60_half::qqq,5.0,2022,2022-01-03,2022-12-30,-0.36177867033319777,-0.3651439387432053,-0.38807460914117153,-1.2745224158450312,0.9722136849764935,-0.06650301708030798,-1.379508910678903,0.9513806559118678,1.0595644568087141,0.5058864265927977,0.015587649402390439,0.9344123505976095,0.05,-0.36177867033319777,,hybrid_growth_tqqq_attack_followup,ma60_half,"If QQQ closes below MA60, cut the computed TQQQ target ratio by 50% and send the rest to the idle asset.",QQQ
hybrid_tqqq_followup::ma60_half::qqq,hybrid_tqqq_followup::ma60_half::qqq,5.0,2023+,2023-01-03,2026-04-02,1.7988017980112083,0.37331214938527135,-0.293642217228371,1.170548796467444,1.5225115861350325,-0.04165814395732323,0.7329349938113593,1.5832189581076095,2.1231163680784078,3.7110454998273794,0.4135141892202473,0.5364858107797528,0.05,,0.37331214938527135,hybrid_growth_tqqq_attack_followup,ma60_half,"If QQQ closes below MA60, cut the computed TQQQ target ratio by 50% and send the rest to the idle asset.",QQQ
hybrid_tqqq_followup::ma60_half::qqq,hybrid_tqqq_followup::ma60_half::qqq,10.0,Full Sample,2018-01-02,2026-04-02,5.8139985605724975,0.26200898891947144,-0.43686498483797376,0.8489681451801678,1.3602244151724108,0.02987282761577672,0.6818925519996993,1.5736019729514303,1.6141281497393214,3.73449936933351,0.34735913204300173,0.6026408679569982,0.05000000000000001,-0.36193927142788507,0.37075856179211986,hybrid_growth_tqqq_attack_followup,ma60_half,"If QQQ closes below MA60, cut the computed TQQQ target ratio by 50% and send the rest to the idle asset.",QQQ
hybrid_tqqq_followup::ma60_half::qqq,hybrid_tqqq_followup::ma60_half::qqq,10.0,2018-2021,2018-01-02,2021-12-31,2.838753914088707,0.40038603220259206,-0.43686498483797376,1.0866559321372917,1.4407511248361056,0.023252130374536835,0.8303559111674814,1.669381539391438,1.8692499450882736,4.57032089317141,0.3764844004391707,0.5735155995608293,0.05000000000000001,,,hybrid_growth_tqqq_attack_followup,ma60_half,"If QQQ closes below MA60, cut the computed TQQQ target ratio by 50% and send the rest to the idle asset.",QQQ
hybrid_tqqq_followup::ma60_half::qqq,hybrid_tqqq_followup::ma60_half::qqq,10.0,2022,2022-01-03,2022-12-30,-0.36193927142788507,-0.3653055735306514,-0.38822859316375224,-1.2753054756745519,0.9722212418658208,-0.06675141397650868,-1.3852806918018288,0.9513806559118678,1.0599090151293333,0.5058864265927977,0.015587649402390439,0.9344123505976095,0.05,-0.36193927142788507,,hybrid_growth_tqqq_attack_followup,ma60_half,"If QQQ closes below MA60, cut the computed TQQQ target ratio by 50% and send the rest to the idle asset.",QQQ
hybrid_tqqq_followup::ma60_half::qqq,hybrid_tqqq_followup::ma60_half::qqq,10.0,2023+,2023-01-03,2026-04-02,1.7819527520572027,0.37075856179211986,-0.2941184352407391,1.1645382663376105,1.5226160669200444,-0.043547638069904575,0.7190076730053774,1.5806672025729378,2.131357392420734,3.7110454998273794,0.4135141892202473,0.5364858107797528,0.05,,0.37075856179211986,hybrid_growth_tqqq_attack_followup,ma60_half,"If QQQ closes below MA60, cut the computed TQQQ target ratio by 50% and send the rest to the idle asset.",QQQ
